run_id,scenario,scenario_name,step_index,run_length,technique,parent_technique,is_subtechnique,technique_name,tactic_labelled,tactic_parent_vocab,vocab_id,next_parent_technique,is_last_step,leakage_group,split_seed2310
scenario_1_a_a.j2,S1,Video Server Exploit,0,45,T1590.002,T1590,1,Gather Victim Network Information,Reconnaissance,Reconnaissance,72,T1591,0,f03067cab590,train
scenario_1_a_a.j2,S1,Video Server Exploit,1,45,T1591,T1591,0,Gather Victim Org Information,Reconnaissance,Reconnaissance,73,T1595,0,f03067cab590,train
scenario_1_a_a.j2,S1,Video Server Exploit,2,45,T1595,T1595,0,Active Scanning,Reconnaissance,Reconnaissance,75,T1592,0,f03067cab590,train
scenario_1_a_a.j2,S1,Video Server Exploit,3,45,T1592.002,T1592,1,Gather Victim Host Information,Reconnaissance,Reconnaissance,74,T1595,0,f03067cab590,train
scenario_1_a_a.j2,S1,Video Server Exploit,4,45,T1595.002,T1595,1,Active Scanning,Reconnaissance,Reconnaissance,75,T1595,0,f03067cab590,train
scenario_1_a_a.j2,S1,Video Server Exploit,5,45,T1595.003,T1595,1,Active Scanning,Reconnaissance,Reconnaissance,75,T1190,0,f03067cab590,train
scenario_1_a_a.j2,S1,Video Server Exploit,6,45,T1190,T1190,0,Exploit Public-Facing Application,Initial Access,Initial Access,0,T1059,0,f03067cab590,train
scenario_1_a_a.j2,S1,Video Server Exploit,7,45,T1059.006,T1059,1,Command and Scripting Interpreter,Initial Access,Execution,2,T1105,0,f03067cab590,train
scenario_1_a_a.j2,S1,Video Server Exploit,8,45,T1105,T1105,0,Ingress Tool Transfer,Command and Control,Command and Control,43,T1059,0,f03067cab590,train
scenario_1_a_a.j2,S1,Video Server Exploit,9,45,T1059,T1059,0,Command and Scripting Interpreter,Execution,Execution,2,T1059,0,f03067cab590,train
scenario_1_a_a.j2,S1,Video Server Exploit,10,45,T1059,T1059,0,Command and Scripting Interpreter,Execution,Execution,2,T1059,0,f03067cab590,train
scenario_1_a_a.j2,S1,Video Server Exploit,11,45,T1059,T1059,0,Command and Scripting Interpreter,Execution,Execution,2,T1059,0,f03067cab590,train
scenario_1_a_a.j2,S1,Video Server Exploit,12,45,T1059,T1059,0,Command and Scripting Interpreter,Execution,Execution,2,T1059,0,f03067cab590,train
scenario_1_a_a.j2,S1,Video Server Exploit,13,45,T1059,T1059,0,Command and Scripting Interpreter,Execution,Execution,2,T1059,0,f03067cab590,train
scenario_1_a_a.j2,S1,Video Server Exploit,14,45,T1059,T1059,0,Command and Scripting Interpreter,Execution,Execution,2,T1087,0,f03067cab590,train
scenario_1_a_a.j2,S1,Video Server Exploit,15,45,T1087,T1087,0,Account Discovery,Discovery,Discovery,40,T1083,0,f03067cab590,train
scenario_1_a_a.j2,S1,Video Server Exploit,16,45,T1083,T1083,0,File and Directory Discovery,Discovery,Discovery,11,T1201,0,f03067cab590,train
scenario_1_a_a.j2,S1,Video Server Exploit,17,45,T1201,T1201,0,Password Policy Discovery,Discovery,Discovery,51,T1069,0,f03067cab590,train
scenario_1_a_a.j2,S1,Video Server Exploit,18,45,T1069,T1069,0,Permission Groups Discovery,Discovery,Discovery,78,T1057,0,f03067cab590,train
scenario_1_a_a.j2,S1,Video Server Exploit,19,45,T1057,T1057,0,Process Discovery,Discovery,Discovery,33,T1518,0,f03067cab590,train
scenario_1_a_a.j2,S1,Video Server Exploit,20,45,T1518,T1518,0,Software Discovery,Discovery,Discovery,80,T1082,0,f03067cab590,train
scenario_1_a_a.j2,S1,Video Server Exploit,21,45,T1082,T1082,0,System Information Discovery,Discovery,Discovery,39,T1614,0,f03067cab590,train
scenario_1_a_a.j2,S1,Video Server Exploit,22,45,T1614,T1614,0,System Location Discovery,Discovery,Discovery,82,T1016,0,f03067cab590,train
scenario_1_a_a.j2,S1,Video Server Exploit,23,45,T1016,T1016,0,System Network Configuration Discovery,Discovery,Discovery,10,T1049,0,f03067cab590,train
scenario_1_a_a.j2,S1,Video Server Exploit,24,45,T1049,T1049,0,System Network Connections Discovery,Discovery,Discovery,31,T1033,0,f03067cab590,train
scenario_1_a_a.j2,S1,Video Server Exploit,25,45,T1033,T1033,0,System Owner/User Discovery,Discovery,Discovery,28,T1007,0,f03067cab590,train
scenario_1_a_a.j2,S1,Video Server Exploit,26,45,T1007,T1007,0,System Service Discovery,Discovery,Discovery,24,T1615,0,f03067cab590,train
scenario_1_a_a.j2,S1,Video Server Exploit,27,45,T1615,T1615,0,Group Policy Discovery,Discovery,Discovery,83,T1033,0,f03067cab590,train
scenario_1_a_a.j2,S1,Video Server Exploit,28,45,T1033,T1033,0,System Owner/User Discovery,Discovery,Discovery,28,T1105,0,f03067cab590,train
scenario_1_a_a.j2,S1,Video Server Exploit,29,45,T1105,T1105,0,Ingress Tool Transfer,Command and Control,Command and Control,43,T1068,0,f03067cab590,train
scenario_1_a_a.j2,S1,Video Server Exploit,30,45,T1068,T1068,0,Exploitation for Privilege Escalation,Privilege Escalation,Privilege Escalation,7,T1033,0,f03067cab590,train
scenario_1_a_a.j2,S1,Video Server Exploit,31,45,T1033,T1033,0,System Owner/User Discovery,Discovery,Discovery,28,T1105,0,f03067cab590,train
scenario_1_a_a.j2,S1,Video Server Exploit,32,45,T1105,T1105,0,Ingress Tool Transfer,Command and Control,Command and Control,43,T1098,0,f03067cab590,train
scenario_1_a_a.j2,S1,Video Server Exploit,33,45,T1098.004,T1098,1,Account Manipulation,Persistence,Persistence,42,T1218,0,f03067cab590,train
scenario_1_a_a.j2,S1,Video Server Exploit,34,45,T1218,T1218,0,System Binary Proxy Execution,Defense Evasion,Defense Evasion,79,T1098,0,f03067cab590,train
scenario_1_a_a.j2,S1,Video Server Exploit,35,45,T1098.004,T1098,1,Account Manipulation,Persistence,Persistence,42,T1070,0,f03067cab590,train
scenario_1_a_a.j2,S1,Video Server Exploit,36,45,T1070.004,T1070,1,Indicator Removal,Defense Evasion,Defense Evasion,34,T1070,0,f03067cab590,train
scenario_1_a_a.j2,S1,Video Server Exploit,37,45,T1070.004,T1070,1,Indicator Removal,Defense Evasion,Defense Evasion,34,T1070,0,f03067cab590,train
scenario_1_a_a.j2,S1,Video Server Exploit,38,45,T1070.004,T1070,1,Indicator Removal,Defense Evasion,Defense Evasion,34,T1033,0,f03067cab590,train
scenario_1_a_a.j2,S1,Video Server Exploit,39,45,T1033,T1033,0,System Owner/User Discovery,Discovery,Discovery,28,T1003,0,f03067cab590,train
scenario_1_a_a.j2,S1,Video Server Exploit,40,45,T1003.008,T1003,1,OS Credential Dumping,Credential Access,Credential Access,23,T1120,0,f03067cab590,train
scenario_1_a_a.j2,S1,Video Server Exploit,41,45,T1120,T1120,0,Peripheral Device Discovery,Discovery,Discovery,46,T1120,0,f03067cab590,train
scenario_1_a_a.j2,S1,Video Server Exploit,42,45,T1120,T1120,0,Peripheral Device Discovery,Discovery,Discovery,46,T1124,0,f03067cab590,train
scenario_1_a_a.j2,S1,Video Server Exploit,43,45,T1124,T1124,0,System Time Discovery,Discovery,Discovery,47,T1497,0,f03067cab590,train
scenario_1_a_a.j2,S1,Video Server Exploit,44,45,T1497.001,T1497,1,Virtualization/Sandbox Evasion,Defense Evasion,Defense Evasion,59,,1,f03067cab590,train
scenario_1_a_b.j2,S1,Video Server Exploit,0,45,T1590.002,T1590,1,Gather Victim Network Information,Reconnaissance,Reconnaissance,72,T1591,0,e192a993d40f,train
scenario_1_a_b.j2,S1,Video Server Exploit,1,45,T1591,T1591,0,Gather Victim Org Information,Reconnaissance,Reconnaissance,73,T1595,0,e192a993d40f,train
scenario_1_a_b.j2,S1,Video Server Exploit,2,45,T1595,T1595,0,Active Scanning,Reconnaissance,Reconnaissance,75,T1592,0,e192a993d40f,train
scenario_1_a_b.j2,S1,Video Server Exploit,3,45,T1592.002,T1592,1,Gather Victim Host Information,Reconnaissance,Reconnaissance,74,T1595,0,e192a993d40f,train
scenario_1_a_b.j2,S1,Video Server Exploit,4,45,T1595.002,T1595,1,Active Scanning,Reconnaissance,Reconnaissance,75,T1595,0,e192a993d40f,train
scenario_1_a_b.j2,S1,Video Server Exploit,5,45,T1595.003,T1595,1,Active Scanning,Reconnaissance,Reconnaissance,75,T1190,0,e192a993d40f,train
scenario_1_a_b.j2,S1,Video Server Exploit,6,45,T1190,T1190,0,Exploit Public-Facing Application,Initial Access,Initial Access,0,T1059,0,e192a993d40f,train
scenario_1_a_b.j2,S1,Video Server Exploit,7,45,T1059.006,T1059,1,Command and Scripting Interpreter,Initial Access,Execution,2,T1105,0,e192a993d40f,train
scenario_1_a_b.j2,S1,Video Server Exploit,8,45,T1105,T1105,0,Ingress Tool Transfer,Command and Control,Command and Control,43,T1059,0,e192a993d40f,train
scenario_1_a_b.j2,S1,Video Server Exploit,9,45,T1059,T1059,0,Command and Scripting Interpreter,Execution,Execution,2,T1059,0,e192a993d40f,train
scenario_1_a_b.j2,S1,Video Server Exploit,10,45,T1059,T1059,0,Command and Scripting Interpreter,Execution,Execution,2,T1059,0,e192a993d40f,train
scenario_1_a_b.j2,S1,Video Server Exploit,11,45,T1059,T1059,0,Command and Scripting Interpreter,Execution,Execution,2,T1059,0,e192a993d40f,train
scenario_1_a_b.j2,S1,Video Server Exploit,12,45,T1059,T1059,0,Command and Scripting Interpreter,Execution,Execution,2,T1059,0,e192a993d40f,train
scenario_1_a_b.j2,S1,Video Server Exploit,13,45,T1059,T1059,0,Command and Scripting Interpreter,Execution,Execution,2,T1059,0,e192a993d40f,train
scenario_1_a_b.j2,S1,Video Server Exploit,14,45,T1059,T1059,0,Command and Scripting Interpreter,Execution,Execution,2,T1087,0,e192a993d40f,train
scenario_1_a_b.j2,S1,Video Server Exploit,15,45,T1087,T1087,0,Account Discovery,Discovery,Discovery,40,T1083,0,e192a993d40f,train
scenario_1_a_b.j2,S1,Video Server Exploit,16,45,T1083,T1083,0,File and Directory Discovery,Discovery,Discovery,11,T1201,0,e192a993d40f,train
scenario_1_a_b.j2,S1,Video Server Exploit,17,45,T1201,T1201,0,Password Policy Discovery,Discovery,Discovery,51,T1069,0,e192a993d40f,train
scenario_1_a_b.j2,S1,Video Server Exploit,18,45,T1069,T1069,0,Permission Groups Discovery,Discovery,Discovery,78,T1057,0,e192a993d40f,train
scenario_1_a_b.j2,S1,Video Server Exploit,19,45,T1057,T1057,0,Process Discovery,Discovery,Discovery,33,T1518,0,e192a993d40f,train
scenario_1_a_b.j2,S1,Video Server Exploit,20,45,T1518,T1518,0,Software Discovery,Discovery,Discovery,80,T1082,0,e192a993d40f,train
scenario_1_a_b.j2,S1,Video Server Exploit,21,45,T1082,T1082,0,System Information Discovery,Discovery,Discovery,39,T1614,0,e192a993d40f,train
scenario_1_a_b.j2,S1,Video Server Exploit,22,45,T1614,T1614,0,System Location Discovery,Discovery,Discovery,82,T1016,0,e192a993d40f,train
scenario_1_a_b.j2,S1,Video Server Exploit,23,45,T1016,T1016,0,System Network Configuration Discovery,Discovery,Discovery,10,T1049,0,e192a993d40f,train
scenario_1_a_b.j2,S1,Video Server Exploit,24,45,T1049,T1049,0,System Network Connections Discovery,Discovery,Discovery,31,T1033,0,e192a993d40f,train
scenario_1_a_b.j2,S1,Video Server Exploit,25,45,T1033,T1033,0,System Owner/User Discovery,Discovery,Discovery,28,T1007,0,e192a993d40f,train
scenario_1_a_b.j2,S1,Video Server Exploit,26,45,T1007,T1007,0,System Service Discovery,Discovery,Discovery,24,T1615,0,e192a993d40f,train
scenario_1_a_b.j2,S1,Video Server Exploit,27,45,T1615,T1615,0,Group Policy Discovery,Discovery,Discovery,83,T1033,0,e192a993d40f,train
scenario_1_a_b.j2,S1,Video Server Exploit,28,45,T1033,T1033,0,System Owner/User Discovery,Discovery,Discovery,28,T1105,0,e192a993d40f,train
scenario_1_a_b.j2,S1,Video Server Exploit,29,45,T1105,T1105,0,Ingress Tool Transfer,Command and Control,Command and Control,43,T1068,0,e192a993d40f,train
scenario_1_a_b.j2,S1,Video Server Exploit,30,45,T1068,T1068,0,Exploitation for Privilege Escalation,Privilege Escalation,Privilege Escalation,7,T1033,0,e192a993d40f,train
scenario_1_a_b.j2,S1,Video Server Exploit,31,45,T1033,T1033,0,System Owner/User Discovery,Discovery,Discovery,28,T1105,0,e192a993d40f,train
scenario_1_a_b.j2,S1,Video Server Exploit,32,45,T1105,T1105,0,Ingress Tool Transfer,Command and Control,Command and Control,43,T1136,0,e192a993d40f,train
scenario_1_a_b.j2,S1,Video Server Exploit,33,45,T1136.001,T1136,1,Create Account,Persistence,Persistence,49,T1218,0,e192a993d40f,train
scenario_1_a_b.j2,S1,Video Server Exploit,34,45,T1218,T1218,0,System Binary Proxy Execution,Defense Evasion,Defense Evasion,79,T1136,0,e192a993d40f,train
scenario_1_a_b.j2,S1,Video Server Exploit,35,45,T1136.001,T1136,1,Create Account,Persistence,Persistence,49,T1070,0,e192a993d40f,train
scenario_1_a_b.j2,S1,Video Server Exploit,36,45,T1070.004,T1070,1,Indicator Removal,Defense Evasion,Defense Evasion,34,T1070,0,e192a993d40f,train
scenario_1_a_b.j2,S1,Video Server Exploit,37,45,T1070.004,T1070,1,Indicator Removal,Defense Evasion,Defense Evasion,34,T1070,0,e192a993d40f,train
scenario_1_a_b.j2,S1,Video Server Exploit,38,45,T1070.004,T1070,1,Indicator Removal,Defense Evasion,Defense Evasion,34,T1033,0,e192a993d40f,train
scenario_1_a_b.j2,S1,Video Server Exploit,39,45,T1033,T1033,0,System Owner/User Discovery,Discovery,Discovery,28,T1003,0,e192a993d40f,train
scenario_1_a_b.j2,S1,Video Server Exploit,40,45,T1003.008,T1003,1,OS Credential Dumping,Credential Access,Credential Access,23,T1120,0,e192a993d40f,train
scenario_1_a_b.j2,S1,Video Server Exploit,41,45,T1120,T1120,0,Peripheral Device Discovery,Discovery,Discovery,46,T1120,0,e192a993d40f,train
scenario_1_a_b.j2,S1,Video Server Exploit,42,45,T1120,T1120,0,Peripheral Device Discovery,Discovery,Discovery,46,T1124,0,e192a993d40f,train
scenario_1_a_b.j2,S1,Video Server Exploit,43,45,T1124,T1124,0,System Time Discovery,Discovery,Discovery,47,T1497,0,e192a993d40f,train
scenario_1_a_b.j2,S1,Video Server Exploit,44,45,T1497.001,T1497,1,Virtualization/Sandbox Evasion,Defense Evasion,Defense Evasion,59,,1,e192a993d40f,train
scenario_1_a_c.j2,S1,Video Server Exploit,0,45,T1590.002,T1590,1,Gather Victim Network Information,Reconnaissance,Reconnaissance,72,T1591,0,0936db5ac7b9,train
scenario_1_a_c.j2,S1,Video Server Exploit,1,45,T1591,T1591,0,Gather Victim Org Information,Reconnaissance,Reconnaissance,73,T1595,0,0936db5ac7b9,train
scenario_1_a_c.j2,S1,Video Server Exploit,2,45,T1595,T1595,0,Active Scanning,Reconnaissance,Reconnaissance,75,T1592,0,0936db5ac7b9,train
scenario_1_a_c.j2,S1,Video Server Exploit,3,45,T1592.002,T1592,1,Gather Victim Host Information,Reconnaissance,Reconnaissance,74,T1595,0,0936db5ac7b9,train
scenario_1_a_c.j2,S1,Video Server Exploit,4,45,T1595.002,T1595,1,Active Scanning,Reconnaissance,Reconnaissance,75,T1595,0,0936db5ac7b9,train
scenario_1_a_c.j2,S1,Video Server Exploit,5,45,T1595.003,T1595,1,Active Scanning,Reconnaissance,Reconnaissance,75,T1190,0,0936db5ac7b9,train
scenario_1_a_c.j2,S1,Video Server Exploit,6,45,T1190,T1190,0,Exploit Public-Facing Application,Initial Access,Initial Access,0,T1059,0,0936db5ac7b9,train
scenario_1_a_c.j2,S1,Video Server Exploit,7,45,T1059.006,T1059,1,Command and Scripting Interpreter,Initial Access,Execution,2,T1105,0,0936db5ac7b9,train
scenario_1_a_c.j2,S1,Video Server Exploit,8,45,T1105,T1105,0,Ingress Tool Transfer,Command and Control,Command and Control,43,T1059,0,0936db5ac7b9,train
scenario_1_a_c.j2,S1,Video Server Exploit,9,45,T1059,T1059,0,Command and Scripting Interpreter,Execution,Execution,2,T1059,0,0936db5ac7b9,train
scenario_1_a_c.j2,S1,Video Server Exploit,10,45,T1059,T1059,0,Command and Scripting Interpreter,Execution,Execution,2,T1059,0,0936db5ac7b9,train
scenario_1_a_c.j2,S1,Video Server Exploit,11,45,T1059,T1059,0,Command and Scripting Interpreter,Execution,Execution,2,T1059,0,0936db5ac7b9,train
scenario_1_a_c.j2,S1,Video Server Exploit,12,45,T1059,T1059,0,Command and Scripting Interpreter,Execution,Execution,2,T1059,0,0936db5ac7b9,train
scenario_1_a_c.j2,S1,Video Server Exploit,13,45,T1059,T1059,0,Command and Scripting Interpreter,Execution,Execution,2,T1059,0,0936db5ac7b9,train
scenario_1_a_c.j2,S1,Video Server Exploit,14,45,T1059,T1059,0,Command and Scripting Interpreter,Execution,Execution,2,T1087,0,0936db5ac7b9,train
scenario_1_a_c.j2,S1,Video Server Exploit,15,45,T1087,T1087,0,Account Discovery,Discovery,Discovery,40,T1083,0,0936db5ac7b9,train
scenario_1_a_c.j2,S1,Video Server Exploit,16,45,T1083,T1083,0,File and Directory Discovery,Discovery,Discovery,11,T1201,0,0936db5ac7b9,train
scenario_1_a_c.j2,S1,Video Server Exploit,17,45,T1201,T1201,0,Password Policy Discovery,Discovery,Discovery,51,T1069,0,0936db5ac7b9,train
scenario_1_a_c.j2,S1,Video Server Exploit,18,45,T1069,T1069,0,Permission Groups Discovery,Discovery,Discovery,78,T1057,0,0936db5ac7b9,train
scenario_1_a_c.j2,S1,Video Server Exploit,19,45,T1057,T1057,0,Process Discovery,Discovery,Discovery,33,T1518,0,0936db5ac7b9,train
scenario_1_a_c.j2,S1,Video Server Exploit,20,45,T1518,T1518,0,Software Discovery,Discovery,Discovery,80,T1082,0,0936db5ac7b9,train
scenario_1_a_c.j2,S1,Video Server Exploit,21,45,T1082,T1082,0,System Information Discovery,Discovery,Discovery,39,T1614,0,0936db5ac7b9,train
scenario_1_a_c.j2,S1,Video Server Exploit,22,45,T1614,T1614,0,System Location Discovery,Discovery,Discovery,82,T1016,0,0936db5ac7b9,train
scenario_1_a_c.j2,S1,Video Server Exploit,23,45,T1016,T1016,0,System Network Configuration Discovery,Discovery,Discovery,10,T1049,0,0936db5ac7b9,train
scenario_1_a_c.j2,S1,Video Server Exploit,24,45,T1049,T1049,0,System Network Connections Discovery,Discovery,Discovery,31,T1033,0,0936db5ac7b9,train
scenario_1_a_c.j2,S1,Video Server Exploit,25,45,T1033,T1033,0,System Owner/User Discovery,Discovery,Discovery,28,T1007,0,0936db5ac7b9,train
scenario_1_a_c.j2,S1,Video Server Exploit,26,45,T1007,T1007,0,System Service Discovery,Discovery,Discovery,24,T1615,0,0936db5ac7b9,train
scenario_1_a_c.j2,S1,Video Server Exploit,27,45,T1615,T1615,0,Group Policy Discovery,Discovery,Discovery,83,T1033,0,0936db5ac7b9,train
scenario_1_a_c.j2,S1,Video Server Exploit,28,45,T1033,T1033,0,System Owner/User Discovery,Discovery,Discovery,28,T1105,0,0936db5ac7b9,train
scenario_1_a_c.j2,S1,Video Server Exploit,29,45,T1105,T1105,0,Ingress Tool Transfer,Command and Control,Command and Control,43,T1068,0,0936db5ac7b9,train
scenario_1_a_c.j2,S1,Video Server Exploit,30,45,T1068,T1068,0,Exploitation for Privilege Escalation,Privilege Escalation,Privilege Escalation,7,T1033,0,0936db5ac7b9,train
scenario_1_a_c.j2,S1,Video Server Exploit,31,45,T1033,T1033,0,System Owner/User Discovery,Discovery,Discovery,28,T1105,0,0936db5ac7b9,train
scenario_1_a_c.j2,S1,Video Server Exploit,32,45,T1105,T1105,0,Ingress Tool Transfer,Command and Control,Command and Control,43,T1556,0,0936db5ac7b9,train
scenario_1_a_c.j2,S1,Video Server Exploit,33,45,T1556.003,T1556,1,Modify Authentication Process,Persistence,Credential Access,65,T1218,0,0936db5ac7b9,train
scenario_1_a_c.j2,S1,Video Server Exploit,34,45,T1218,T1218,0,System Binary Proxy Execution,Defense Evasion,Defense Evasion,79,T1556,0,0936db5ac7b9,train
scenario_1_a_c.j2,S1,Video Server Exploit,35,45,T1556.003,T1556,1,Modify Authentication Process,Persistence,Credential Access,65,T1070,0,0936db5ac7b9,train
scenario_1_a_c.j2,S1,Video Server Exploit,36,45,T1070.004,T1070,1,Indicator Removal,Defense Evasion,Defense Evasion,34,T1070,0,0936db5ac7b9,train
scenario_1_a_c.j2,S1,Video Server Exploit,37,45,T1070.004,T1070,1,Indicator Removal,Defense Evasion,Defense Evasion,34,T1070,0,0936db5ac7b9,train
scenario_1_a_c.j2,S1,Video Server Exploit,38,45,T1070.004,T1070,1,Indicator Removal,Defense Evasion,Defense Evasion,34,T1033,0,0936db5ac7b9,train
scenario_1_a_c.j2,S1,Video Server Exploit,39,45,T1033,T1033,0,System Owner/User Discovery,Discovery,Discovery,28,T1003,0,0936db5ac7b9,train
scenario_1_a_c.j2,S1,Video Server Exploit,40,45,T1003.008,T1003,1,OS Credential Dumping,Credential Access,Credential Access,23,T1120,0,0936db5ac7b9,train
scenario_1_a_c.j2,S1,Video Server Exploit,41,45,T1120,T1120,0,Peripheral Device Discovery,Discovery,Discovery,46,T1120,0,0936db5ac7b9,train
scenario_1_a_c.j2,S1,Video Server Exploit,42,45,T1120,T1120,0,Peripheral Device Discovery,Discovery,Discovery,46,T1124,0,0936db5ac7b9,train
scenario_1_a_c.j2,S1,Video Server Exploit,43,45,T1124,T1124,0,System Time Discovery,Discovery,Discovery,47,T1497,0,0936db5ac7b9,train
scenario_1_a_c.j2,S1,Video Server Exploit,44,45,T1497.001,T1497,1,Virtualization/Sandbox Evasion,Defense Evasion,Defense Evasion,59,,1,0936db5ac7b9,train
scenario_1_b_a.j2,S1,Video Server Exploit,0,44,T1590.002,T1590,1,Gather Victim Network Information,Reconnaissance,Reconnaissance,72,T1591,0,808c7e87adde,train
scenario_1_b_a.j2,S1,Video Server Exploit,1,44,T1591,T1591,0,Gather Victim Org Information,Reconnaissance,Reconnaissance,73,T1595,0,808c7e87adde,train
scenario_1_b_a.j2,S1,Video Server Exploit,2,44,T1595,T1595,0,Active Scanning,Reconnaissance,Reconnaissance,75,T1592,0,808c7e87adde,train
scenario_1_b_a.j2,S1,Video Server Exploit,3,44,T1592.002,T1592,1,Gather Victim Host Information,Reconnaissance,Reconnaissance,74,T1595,0,808c7e87adde,train
scenario_1_b_a.j2,S1,Video Server Exploit,4,44,T1595.002,T1595,1,Active Scanning,Reconnaissance,Reconnaissance,75,T1595,0,808c7e87adde,train
scenario_1_b_a.j2,S1,Video Server Exploit,5,44,T1595.003,T1595,1,Active Scanning,Reconnaissance,Reconnaissance,75,T1190,0,808c7e87adde,train
scenario_1_b_a.j2,S1,Video Server Exploit,6,44,T1190,T1190,0,Exploit Public-Facing Application,Initial Access,Initial Access,0,T1059,0,808c7e87adde,train
scenario_1_b_a.j2,S1,Video Server Exploit,7,44,T1059.006,T1059,1,Command and Scripting Interpreter,Initial Access,Execution,2,T1105,0,808c7e87adde,train
scenario_1_b_a.j2,S1,Video Server Exploit,8,44,T1105,T1105,0,Ingress Tool Transfer,Command and Control,Command and Control,43,T1059,0,808c7e87adde,train
scenario_1_b_a.j2,S1,Video Server Exploit,9,44,T1059,T1059,0,Command and Scripting Interpreter,Execution,Execution,2,T1059,0,808c7e87adde,train
scenario_1_b_a.j2,S1,Video Server Exploit,10,44,T1059,T1059,0,Command and Scripting Interpreter,Execution,Execution,2,T1059,0,808c7e87adde,train
scenario_1_b_a.j2,S1,Video Server Exploit,11,44,T1059,T1059,0,Command and Scripting Interpreter,Execution,Execution,2,T1059,0,808c7e87adde,train
scenario_1_b_a.j2,S1,Video Server Exploit,12,44,T1059,T1059,0,Command and Scripting Interpreter,Execution,Execution,2,T1059,0,808c7e87adde,train
scenario_1_b_a.j2,S1,Video Server Exploit,13,44,T1059,T1059,0,Command and Scripting Interpreter,Execution,Execution,2,T1059,0,808c7e87adde,train
scenario_1_b_a.j2,S1,Video Server Exploit,14,44,T1059,T1059,0,Command and Scripting Interpreter,Execution,Execution,2,T1087,0,808c7e87adde,train
scenario_1_b_a.j2,S1,Video Server Exploit,15,44,T1087,T1087,0,Account Discovery,Discovery,Discovery,40,T1083,0,808c7e87adde,train
scenario_1_b_a.j2,S1,Video Server Exploit,16,44,T1083,T1083,0,File and Directory Discovery,Discovery,Discovery,11,T1201,0,808c7e87adde,train
scenario_1_b_a.j2,S1,Video Server Exploit,17,44,T1201,T1201,0,Password Policy Discovery,Discovery,Discovery,51,T1069,0,808c7e87adde,train
scenario_1_b_a.j2,S1,Video Server Exploit,18,44,T1069,T1069,0,Permission Groups Discovery,Discovery,Discovery,78,T1057,0,808c7e87adde,train
scenario_1_b_a.j2,S1,Video Server Exploit,19,44,T1057,T1057,0,Process Discovery,Discovery,Discovery,33,T1518,0,808c7e87adde,train
scenario_1_b_a.j2,S1,Video Server Exploit,20,44,T1518,T1518,0,Software Discovery,Discovery,Discovery,80,T1082,0,808c7e87adde,train
scenario_1_b_a.j2,S1,Video Server Exploit,21,44,T1082,T1082,0,System Information Discovery,Discovery,Discovery,39,T1614,0,808c7e87adde,train
scenario_1_b_a.j2,S1,Video Server Exploit,22,44,T1614,T1614,0,System Location Discovery,Discovery,Discovery,82,T1016,0,808c7e87adde,train
scenario_1_b_a.j2,S1,Video Server Exploit,23,44,T1016,T1016,0,System Network Configuration Discovery,Discovery,Discovery,10,T1049,0,808c7e87adde,train
scenario_1_b_a.j2,S1,Video Server Exploit,24,44,T1049,T1049,0,System Network Connections Discovery,Discovery,Discovery,31,T1033,0,808c7e87adde,train
scenario_1_b_a.j2,S1,Video Server Exploit,25,44,T1033,T1033,0,System Owner/User Discovery,Discovery,Discovery,28,T1007,0,808c7e87adde,train
scenario_1_b_a.j2,S1,Video Server Exploit,26,44,T1007,T1007,0,System Service Discovery,Discovery,Discovery,24,T1615,0,808c7e87adde,train
scenario_1_b_a.j2,S1,Video Server Exploit,27,44,T1615,T1615,0,Group Policy Discovery,Discovery,Discovery,83,T1033,0,808c7e87adde,train
scenario_1_b_a.j2,S1,Video Server Exploit,28,44,T1033,T1033,0,System Owner/User Discovery,Discovery,Discovery,28,T1548,0,808c7e87adde,train
scenario_1_b_a.j2,S1,Video Server Exploit,29,44,T1548.003,T1548,1,Abuse Elevation Control Mechanism,Privilege Escalation,Privilege Escalation,64,T1548,0,808c7e87adde,train
scenario_1_b_a.j2,S1,Video Server Exploit,30,44,T1548.003,T1548,1,Abuse Elevation Control Mechanism,Privilege Escalation,Privilege Escalation,64,T1033,0,808c7e87adde,train
scenario_1_b_a.j2,S1,Video Server Exploit,31,44,T1033,T1033,0,System Owner/User Discovery,Discovery,Discovery,28,T1105,0,808c7e87adde,train
scenario_1_b_a.j2,S1,Video Server Exploit,32,44,T1105,T1105,0,Ingress Tool Transfer,Command and Control,Command and Control,43,T1098,0,808c7e87adde,train
scenario_1_b_a.j2,S1,Video Server Exploit,33,44,T1098.004,T1098,1,Account Manipulation,Persistence,Persistence,42,T1218,0,808c7e87adde,train
scenario_1_b_a.j2,S1,Video Server Exploit,34,44,T1218,T1218,0,System Binary Proxy Execution,Defense Evasion,Defense Evasion,79,T1098,0,808c7e87adde,train
scenario_1_b_a.j2,S1,Video Server Exploit,35,44,T1098.004,T1098,1,Account Manipulation,Persistence,Persistence,42,T1070,0,808c7e87adde,train
scenario_1_b_a.j2,S1,Video Server Exploit,36,44,T1070.004,T1070,1,Indicator Removal,Defense Evasion,Defense Evasion,34,T1070,0,808c7e87adde,train
scenario_1_b_a.j2,S1,Video Server Exploit,37,44,T1070.004,T1070,1,Indicator Removal,Defense Evasion,Defense Evasion,34,T1033,0,808c7e87adde,train
scenario_1_b_a.j2,S1,Video Server Exploit,38,44,T1033,T1033,0,System Owner/User Discovery,Discovery,Discovery,28,T1003,0,808c7e87adde,train
scenario_1_b_a.j2,S1,Video Server Exploit,39,44,T1003.008,T1003,1,OS Credential Dumping,Credential Access,Credential Access,23,T1120,0,808c7e87adde,train
scenario_1_b_a.j2,S1,Video Server Exploit,40,44,T1120,T1120,0,Peripheral Device Discovery,Discovery,Discovery,46,T1120,0,808c7e87adde,train
scenario_1_b_a.j2,S1,Video Server Exploit,41,44,T1120,T1120,0,Peripheral Device Discovery,Discovery,Discovery,46,T1124,0,808c7e87adde,train
scenario_1_b_a.j2,S1,Video Server Exploit,42,44,T1124,T1124,0,System Time Discovery,Discovery,Discovery,47,T1497,0,808c7e87adde,train
scenario_1_b_a.j2,S1,Video Server Exploit,43,44,T1497.001,T1497,1,Virtualization/Sandbox Evasion,Defense Evasion,Defense Evasion,59,,1,808c7e87adde,train
scenario_1_b_b.j2,S1,Video Server Exploit,0,44,T1590.002,T1590,1,Gather Victim Network Information,Reconnaissance,Reconnaissance,72,T1591,0,51f0ccf4678d,train
scenario_1_b_b.j2,S1,Video Server Exploit,1,44,T1591,T1591,0,Gather Victim Org Information,Reconnaissance,Reconnaissance,73,T1595,0,51f0ccf4678d,train
scenario_1_b_b.j2,S1,Video Server Exploit,2,44,T1595,T1595,0,Active Scanning,Reconnaissance,Reconnaissance,75,T1592,0,51f0ccf4678d,train
scenario_1_b_b.j2,S1,Video Server Exploit,3,44,T1592.002,T1592,1,Gather Victim Host Information,Reconnaissance,Reconnaissance,74,T1595,0,51f0ccf4678d,train
scenario_1_b_b.j2,S1,Video Server Exploit,4,44,T1595.002,T1595,1,Active Scanning,Reconnaissance,Reconnaissance,75,T1595,0,51f0ccf4678d,train
scenario_1_b_b.j2,S1,Video Server Exploit,5,44,T1595.003,T1595,1,Active Scanning,Reconnaissance,Reconnaissance,75,T1190,0,51f0ccf4678d,train
scenario_1_b_b.j2,S1,Video Server Exploit,6,44,T1190,T1190,0,Exploit Public-Facing Application,Initial Access,Initial Access,0,T1059,0,51f0ccf4678d,train
scenario_1_b_b.j2,S1,Video Server Exploit,7,44,T1059.006,T1059,1,Command and Scripting Interpreter,Initial Access,Execution,2,T1105,0,51f0ccf4678d,train
scenario_1_b_b.j2,S1,Video Server Exploit,8,44,T1105,T1105,0,Ingress Tool Transfer,Command and Control,Command and Control,43,T1059,0,51f0ccf4678d,train
scenario_1_b_b.j2,S1,Video Server Exploit,9,44,T1059,T1059,0,Command and Scripting Interpreter,Execution,Execution,2,T1059,0,51f0ccf4678d,train
scenario_1_b_b.j2,S1,Video Server Exploit,10,44,T1059,T1059,0,Command and Scripting Interpreter,Execution,Execution,2,T1059,0,51f0ccf4678d,train
scenario_1_b_b.j2,S1,Video Server Exploit,11,44,T1059,T1059,0,Command and Scripting Interpreter,Execution,Execution,2,T1059,0,51f0ccf4678d,train
scenario_1_b_b.j2,S1,Video Server Exploit,12,44,T1059,T1059,0,Command and Scripting Interpreter,Execution,Execution,2,T1059,0,51f0ccf4678d,train
scenario_1_b_b.j2,S1,Video Server Exploit,13,44,T1059,T1059,0,Command and Scripting Interpreter,Execution,Execution,2,T1059,0,51f0ccf4678d,train
scenario_1_b_b.j2,S1,Video Server Exploit,14,44,T1059,T1059,0,Command and Scripting Interpreter,Execution,Execution,2,T1087,0,51f0ccf4678d,train
scenario_1_b_b.j2,S1,Video Server Exploit,15,44,T1087,T1087,0,Account Discovery,Discovery,Discovery,40,T1083,0,51f0ccf4678d,train
scenario_1_b_b.j2,S1,Video Server Exploit,16,44,T1083,T1083,0,File and Directory Discovery,Discovery,Discovery,11,T1201,0,51f0ccf4678d,train
scenario_1_b_b.j2,S1,Video Server Exploit,17,44,T1201,T1201,0,Password Policy Discovery,Discovery,Discovery,51,T1069,0,51f0ccf4678d,train
scenario_1_b_b.j2,S1,Video Server Exploit,18,44,T1069,T1069,0,Permission Groups Discovery,Discovery,Discovery,78,T1057,0,51f0ccf4678d,train
scenario_1_b_b.j2,S1,Video Server Exploit,19,44,T1057,T1057,0,Process Discovery,Discovery,Discovery,33,T1518,0,51f0ccf4678d,train
scenario_1_b_b.j2,S1,Video Server Exploit,20,44,T1518,T1518,0,Software Discovery,Discovery,Discovery,80,T1082,0,51f0ccf4678d,train
scenario_1_b_b.j2,S1,Video Server Exploit,21,44,T1082,T1082,0,System Information Discovery,Discovery,Discovery,39,T1614,0,51f0ccf4678d,train
scenario_1_b_b.j2,S1,Video Server Exploit,22,44,T1614,T1614,0,System Location Discovery,Discovery,Discovery,82,T1016,0,51f0ccf4678d,train
scenario_1_b_b.j2,S1,Video Server Exploit,23,44,T1016,T1016,0,System Network Configuration Discovery,Discovery,Discovery,10,T1049,0,51f0ccf4678d,train
scenario_1_b_b.j2,S1,Video Server Exploit,24,44,T1049,T1049,0,System Network Connections Discovery,Discovery,Discovery,31,T1033,0,51f0ccf4678d,train
scenario_1_b_b.j2,S1,Video Server Exploit,25,44,T1033,T1033,0,System Owner/User Discovery,Discovery,Discovery,28,T1007,0,51f0ccf4678d,train
scenario_1_b_b.j2,S1,Video Server Exploit,26,44,T1007,T1007,0,System Service Discovery,Discovery,Discovery,24,T1615,0,51f0ccf4678d,train
scenario_1_b_b.j2,S1,Video Server Exploit,27,44,T1615,T1615,0,Group Policy Discovery,Discovery,Discovery,83,T1033,0,51f0ccf4678d,train
scenario_1_b_b.j2,S1,Video Server Exploit,28,44,T1033,T1033,0,System Owner/User Discovery,Discovery,Discovery,28,T1548,0,51f0ccf4678d,train
scenario_1_b_b.j2,S1,Video Server Exploit,29,44,T1548.003,T1548,1,Abuse Elevation Control Mechanism,Privilege Escalation,Privilege Escalation,64,T1548,0,51f0ccf4678d,train
scenario_1_b_b.j2,S1,Video Server Exploit,30,44,T1548.003,T1548,1,Abuse Elevation Control Mechanism,Privilege Escalation,Privilege Escalation,64,T1033,0,51f0ccf4678d,train
scenario_1_b_b.j2,S1,Video Server Exploit,31,44,T1033,T1033,0,System Owner/User Discovery,Discovery,Discovery,28,T1105,0,51f0ccf4678d,train
scenario_1_b_b.j2,S1,Video Server Exploit,32,44,T1105,T1105,0,Ingress Tool Transfer,Command and Control,Command and Control,43,T1136,0,51f0ccf4678d,train
scenario_1_b_b.j2,S1,Video Server Exploit,33,44,T1136.001,T1136,1,Create Account,Persistence,Persistence,49,T1218,0,51f0ccf4678d,train
scenario_1_b_b.j2,S1,Video Server Exploit,34,44,T1218,T1218,0,System Binary Proxy Execution,Defense Evasion,Defense Evasion,79,T1136,0,51f0ccf4678d,train
scenario_1_b_b.j2,S1,Video Server Exploit,35,44,T1136.001,T1136,1,Create Account,Persistence,Persistence,49,T1070,0,51f0ccf4678d,train
scenario_1_b_b.j2,S1,Video Server Exploit,36,44,T1070.004,T1070,1,Indicator Removal,Defense Evasion,Defense Evasion,34,T1070,0,51f0ccf4678d,train
scenario_1_b_b.j2,S1,Video Server Exploit,37,44,T1070.004,T1070,1,Indicator Removal,Defense Evasion,Defense Evasion,34,T1033,0,51f0ccf4678d,train
scenario_1_b_b.j2,S1,Video Server Exploit,38,44,T1033,T1033,0,System Owner/User Discovery,Discovery,Discovery,28,T1003,0,51f0ccf4678d,train
scenario_1_b_b.j2,S1,Video Server Exploit,39,44,T1003.008,T1003,1,OS Credential Dumping,Credential Access,Credential Access,23,T1120,0,51f0ccf4678d,train
scenario_1_b_b.j2,S1,Video Server Exploit,40,44,T1120,T1120,0,Peripheral Device Discovery,Discovery,Discovery,46,T1120,0,51f0ccf4678d,train
scenario_1_b_b.j2,S1,Video Server Exploit,41,44,T1120,T1120,0,Peripheral Device Discovery,Discovery,Discovery,46,T1124,0,51f0ccf4678d,train
scenario_1_b_b.j2,S1,Video Server Exploit,42,44,T1124,T1124,0,System Time Discovery,Discovery,Discovery,47,T1497,0,51f0ccf4678d,train
scenario_1_b_b.j2,S1,Video Server Exploit,43,44,T1497.001,T1497,1,Virtualization/Sandbox Evasion,Defense Evasion,Defense Evasion,59,,1,51f0ccf4678d,train
scenario_1_b_c.j2,S1,Video Server Exploit,0,44,T1590.002,T1590,1,Gather Victim Network Information,Reconnaissance,Reconnaissance,72,T1591,0,93fb0bdece9e,test
scenario_1_b_c.j2,S1,Video Server Exploit,1,44,T1591,T1591,0,Gather Victim Org Information,Reconnaissance,Reconnaissance,73,T1595,0,93fb0bdece9e,test
scenario_1_b_c.j2,S1,Video Server Exploit,2,44,T1595,T1595,0,Active Scanning,Reconnaissance,Reconnaissance,75,T1592,0,93fb0bdece9e,test
scenario_1_b_c.j2,S1,Video Server Exploit,3,44,T1592.002,T1592,1,Gather Victim Host Information,Reconnaissance,Reconnaissance,74,T1595,0,93fb0bdece9e,test
scenario_1_b_c.j2,S1,Video Server Exploit,4,44,T1595.002,T1595,1,Active Scanning,Reconnaissance,Reconnaissance,75,T1595,0,93fb0bdece9e,test
scenario_1_b_c.j2,S1,Video Server Exploit,5,44,T1595.003,T1595,1,Active Scanning,Reconnaissance,Reconnaissance,75,T1190,0,93fb0bdece9e,test
scenario_1_b_c.j2,S1,Video Server Exploit,6,44,T1190,T1190,0,Exploit Public-Facing Application,Initial Access,Initial Access,0,T1059,0,93fb0bdece9e,test
scenario_1_b_c.j2,S1,Video Server Exploit,7,44,T1059.006,T1059,1,Command and Scripting Interpreter,Initial Access,Execution,2,T1105,0,93fb0bdece9e,test
scenario_1_b_c.j2,S1,Video Server Exploit,8,44,T1105,T1105,0,Ingress Tool Transfer,Command and Control,Command and Control,43,T1059,0,93fb0bdece9e,test
scenario_1_b_c.j2,S1,Video Server Exploit,9,44,T1059,T1059,0,Command and Scripting Interpreter,Execution,Execution,2,T1059,0,93fb0bdece9e,test
scenario_1_b_c.j2,S1,Video Server Exploit,10,44,T1059,T1059,0,Command and Scripting Interpreter,Execution,Execution,2,T1059,0,93fb0bdece9e,test
scenario_1_b_c.j2,S1,Video Server Exploit,11,44,T1059,T1059,0,Command and Scripting Interpreter,Execution,Execution,2,T1059,0,93fb0bdece9e,test
scenario_1_b_c.j2,S1,Video Server Exploit,12,44,T1059,T1059,0,Command and Scripting Interpreter,Execution,Execution,2,T1059,0,93fb0bdece9e,test
scenario_1_b_c.j2,S1,Video Server Exploit,13,44,T1059,T1059,0,Command and Scripting Interpreter,Execution,Execution,2,T1059,0,93fb0bdece9e,test
scenario_1_b_c.j2,S1,Video Server Exploit,14,44,T1059,T1059,0,Command and Scripting Interpreter,Execution,Execution,2,T1087,0,93fb0bdece9e,test
scenario_1_b_c.j2,S1,Video Server Exploit,15,44,T1087,T1087,0,Account Discovery,Discovery,Discovery,40,T1083,0,93fb0bdece9e,test
scenario_1_b_c.j2,S1,Video Server Exploit,16,44,T1083,T1083,0,File and Directory Discovery,Discovery,Discovery,11,T1201,0,93fb0bdece9e,test
scenario_1_b_c.j2,S1,Video Server Exploit,17,44,T1201,T1201,0,Password Policy Discovery,Discovery,Discovery,51,T1069,0,93fb0bdece9e,test
scenario_1_b_c.j2,S1,Video Server Exploit,18,44,T1069,T1069,0,Permission Groups Discovery,Discovery,Discovery,78,T1057,0,93fb0bdece9e,test
scenario_1_b_c.j2,S1,Video Server Exploit,19,44,T1057,T1057,0,Process Discovery,Discovery,Discovery,33,T1518,0,93fb0bdece9e,test
scenario_1_b_c.j2,S1,Video Server Exploit,20,44,T1518,T1518,0,Software Discovery,Discovery,Discovery,80,T1082,0,93fb0bdece9e,test
scenario_1_b_c.j2,S1,Video Server Exploit,21,44,T1082,T1082,0,System Information Discovery,Discovery,Discovery,39,T1614,0,93fb0bdece9e,test
scenario_1_b_c.j2,S1,Video Server Exploit,22,44,T1614,T1614,0,System Location Discovery,Discovery,Discovery,82,T1016,0,93fb0bdece9e,test
scenario_1_b_c.j2,S1,Video Server Exploit,23,44,T1016,T1016,0,System Network Configuration Discovery,Discovery,Discovery,10,T1049,0,93fb0bdece9e,test
scenario_1_b_c.j2,S1,Video Server Exploit,24,44,T1049,T1049,0,System Network Connections Discovery,Discovery,Discovery,31,T1033,0,93fb0bdece9e,test
scenario_1_b_c.j2,S1,Video Server Exploit,25,44,T1033,T1033,0,System Owner/User Discovery,Discovery,Discovery,28,T1007,0,93fb0bdece9e,test
scenario_1_b_c.j2,S1,Video Server Exploit,26,44,T1007,T1007,0,System Service Discovery,Discovery,Discovery,24,T1615,0,93fb0bdece9e,test
scenario_1_b_c.j2,S1,Video Server Exploit,27,44,T1615,T1615,0,Group Policy Discovery,Discovery,Discovery,83,T1033,0,93fb0bdece9e,test
scenario_1_b_c.j2,S1,Video Server Exploit,28,44,T1033,T1033,0,System Owner/User Discovery,Discovery,Discovery,28,T1548,0,93fb0bdece9e,test
scenario_1_b_c.j2,S1,Video Server Exploit,29,44,T1548.003,T1548,1,Abuse Elevation Control Mechanism,Privilege Escalation,Privilege Escalation,64,T1548,0,93fb0bdece9e,test
scenario_1_b_c.j2,S1,Video Server Exploit,30,44,T1548.003,T1548,1,Abuse Elevation Control Mechanism,Privilege Escalation,Privilege Escalation,64,T1033,0,93fb0bdece9e,test
scenario_1_b_c.j2,S1,Video Server Exploit,31,44,T1033,T1033,0,System Owner/User Discovery,Discovery,Discovery,28,T1105,0,93fb0bdece9e,test
scenario_1_b_c.j2,S1,Video Server Exploit,32,44,T1105,T1105,0,Ingress Tool Transfer,Command and Control,Command and Control,43,T1556,0,93fb0bdece9e,test
scenario_1_b_c.j2,S1,Video Server Exploit,33,44,T1556.003,T1556,1,Modify Authentication Process,Persistence,Credential Access,65,T1218,0,93fb0bdece9e,test
scenario_1_b_c.j2,S1,Video Server Exploit,34,44,T1218,T1218,0,System Binary Proxy Execution,Defense Evasion,Defense Evasion,79,T1556,0,93fb0bdece9e,test
scenario_1_b_c.j2,S1,Video Server Exploit,35,44,T1556.003,T1556,1,Modify Authentication Process,Persistence,Credential Access,65,T1070,0,93fb0bdece9e,test
scenario_1_b_c.j2,S1,Video Server Exploit,36,44,T1070.004,T1070,1,Indicator Removal,Defense Evasion,Defense Evasion,34,T1070,0,93fb0bdece9e,test
scenario_1_b_c.j2,S1,Video Server Exploit,37,44,T1070.004,T1070,1,Indicator Removal,Defense Evasion,Defense Evasion,34,T1033,0,93fb0bdece9e,test
scenario_1_b_c.j2,S1,Video Server Exploit,38,44,T1033,T1033,0,System Owner/User Discovery,Discovery,Discovery,28,T1003,0,93fb0bdece9e,test
scenario_1_b_c.j2,S1,Video Server Exploit,39,44,T1003.008,T1003,1,OS Credential Dumping,Credential Access,Credential Access,23,T1120,0,93fb0bdece9e,test
scenario_1_b_c.j2,S1,Video Server Exploit,40,44,T1120,T1120,0,Peripheral Device Discovery,Discovery,Discovery,46,T1120,0,93fb0bdece9e,test
scenario_1_b_c.j2,S1,Video Server Exploit,41,44,T1120,T1120,0,Peripheral Device Discovery,Discovery,Discovery,46,T1124,0,93fb0bdece9e,test
scenario_1_b_c.j2,S1,Video Server Exploit,42,44,T1124,T1124,0,System Time Discovery,Discovery,Discovery,47,T1497,0,93fb0bdece9e,test
scenario_1_b_c.j2,S1,Video Server Exploit,43,44,T1497.001,T1497,1,Virtualization/Sandbox Evasion,Defense Evasion,Defense Evasion,59,,1,93fb0bdece9e,test
scenario_1_c_a.j2,S1,Video Server Exploit,0,44,T1590.002,T1590,1,Gather Victim Network Information,Reconnaissance,Reconnaissance,72,T1591,0,ebf4732f4716,validation
scenario_1_c_a.j2,S1,Video Server Exploit,1,44,T1591,T1591,0,Gather Victim Org Information,Reconnaissance,Reconnaissance,73,T1595,0,ebf4732f4716,validation
scenario_1_c_a.j2,S1,Video Server Exploit,2,44,T1595,T1595,0,Active Scanning,Reconnaissance,Reconnaissance,75,T1592,0,ebf4732f4716,validation
scenario_1_c_a.j2,S1,Video Server Exploit,3,44,T1592.002,T1592,1,Gather Victim Host Information,Reconnaissance,Reconnaissance,74,T1595,0,ebf4732f4716,validation
scenario_1_c_a.j2,S1,Video Server Exploit,4,44,T1595.002,T1595,1,Active Scanning,Reconnaissance,Reconnaissance,75,T1595,0,ebf4732f4716,validation
scenario_1_c_a.j2,S1,Video Server Exploit,5,44,T1595.003,T1595,1,Active Scanning,Reconnaissance,Reconnaissance,75,T1190,0,ebf4732f4716,validation
scenario_1_c_a.j2,S1,Video Server Exploit,6,44,T1190,T1190,0,Exploit Public-Facing Application,Initial Access,Initial Access,0,T1059,0,ebf4732f4716,validation
scenario_1_c_a.j2,S1,Video Server Exploit,7,44,T1059.006,T1059,1,Command and Scripting Interpreter,Initial Access,Execution,2,T1105,0,ebf4732f4716,validation
scenario_1_c_a.j2,S1,Video Server Exploit,8,44,T1105,T1105,0,Ingress Tool Transfer,Command and Control,Command and Control,43,T1059,0,ebf4732f4716,validation
scenario_1_c_a.j2,S1,Video Server Exploit,9,44,T1059,T1059,0,Command and Scripting Interpreter,Execution,Execution,2,T1059,0,ebf4732f4716,validation
scenario_1_c_a.j2,S1,Video Server Exploit,10,44,T1059,T1059,0,Command and Scripting Interpreter,Execution,Execution,2,T1059,0,ebf4732f4716,validation
scenario_1_c_a.j2,S1,Video Server Exploit,11,44,T1059,T1059,0,Command and Scripting Interpreter,Execution,Execution,2,T1059,0,ebf4732f4716,validation
scenario_1_c_a.j2,S1,Video Server Exploit,12,44,T1059,T1059,0,Command and Scripting Interpreter,Execution,Execution,2,T1059,0,ebf4732f4716,validation
scenario_1_c_a.j2,S1,Video Server Exploit,13,44,T1059,T1059,0,Command and Scripting Interpreter,Execution,Execution,2,T1059,0,ebf4732f4716,validation
scenario_1_c_a.j2,S1,Video Server Exploit,14,44,T1059,T1059,0,Command and Scripting Interpreter,Execution,Execution,2,T1087,0,ebf4732f4716,validation
scenario_1_c_a.j2,S1,Video Server Exploit,15,44,T1087,T1087,0,Account Discovery,Discovery,Discovery,40,T1083,0,ebf4732f4716,validation
scenario_1_c_a.j2,S1,Video Server Exploit,16,44,T1083,T1083,0,File and Directory Discovery,Discovery,Discovery,11,T1201,0,ebf4732f4716,validation
scenario_1_c_a.j2,S1,Video Server Exploit,17,44,T1201,T1201,0,Password Policy Discovery,Discovery,Discovery,51,T1069,0,ebf4732f4716,validation
scenario_1_c_a.j2,S1,Video Server Exploit,18,44,T1069,T1069,0,Permission Groups Discovery,Discovery,Discovery,78,T1057,0,ebf4732f4716,validation
scenario_1_c_a.j2,S1,Video Server Exploit,19,44,T1057,T1057,0,Process Discovery,Discovery,Discovery,33,T1518,0,ebf4732f4716,validation
scenario_1_c_a.j2,S1,Video Server Exploit,20,44,T1518,T1518,0,Software Discovery,Discovery,Discovery,80,T1082,0,ebf4732f4716,validation
scenario_1_c_a.j2,S1,Video Server Exploit,21,44,T1082,T1082,0,System Information Discovery,Discovery,Discovery,39,T1614,0,ebf4732f4716,validation
scenario_1_c_a.j2,S1,Video Server Exploit,22,44,T1614,T1614,0,System Location Discovery,Discovery,Discovery,82,T1016,0,ebf4732f4716,validation
scenario_1_c_a.j2,S1,Video Server Exploit,23,44,T1016,T1016,0,System Network Configuration Discovery,Discovery,Discovery,10,T1049,0,ebf4732f4716,validation
scenario_1_c_a.j2,S1,Video Server Exploit,24,44,T1049,T1049,0,System Network Connections Discovery,Discovery,Discovery,31,T1033,0,ebf4732f4716,validation
scenario_1_c_a.j2,S1,Video Server Exploit,25,44,T1033,T1033,0,System Owner/User Discovery,Discovery,Discovery,28,T1007,0,ebf4732f4716,validation
scenario_1_c_a.j2,S1,Video Server Exploit,26,44,T1007,T1007,0,System Service Discovery,Discovery,Discovery,24,T1615,0,ebf4732f4716,validation
scenario_1_c_a.j2,S1,Video Server Exploit,27,44,T1615,T1615,0,Group Policy Discovery,Discovery,Discovery,83,T1033,0,ebf4732f4716,validation
scenario_1_c_a.j2,S1,Video Server Exploit,28,44,T1033,T1033,0,System Owner/User Discovery,Discovery,Discovery,28,T1547,0,ebf4732f4716,validation
scenario_1_c_a.j2,S1,Video Server Exploit,29,44,T1547,T1547,0,Boot or Logon Autostart Execution,Persistence,Persistence,6,T1547,0,ebf4732f4716,validation
scenario_1_c_a.j2,S1,Video Server Exploit,30,44,T1547,T1547,0,Boot or Logon Autostart Execution,Persistence,Persistence,6,T1059,0,ebf4732f4716,validation
scenario_1_c_a.j2,S1,Video Server Exploit,31,44,T1059,T1059,0,Command and Scripting Interpreter,Execution,Execution,2,T1059,0,ebf4732f4716,validation
scenario_1_c_a.j2,S1,Video Server Exploit,32,44,T1059,T1059,0,Command and Scripting Interpreter,Execution,Execution,2,T1059,0,ebf4732f4716,validation
scenario_1_c_a.j2,S1,Video Server Exploit,33,44,T1059,T1059,0,Command and Scripting Interpreter,Execution,Execution,2,T1033,0,ebf4732f4716,validation
scenario_1_c_a.j2,S1,Video Server Exploit,34,44,T1033,T1033,0,System Owner/User Discovery,Discovery,Discovery,28,T1105,0,ebf4732f4716,validation
scenario_1_c_a.j2,S1,Video Server Exploit,35,44,T1105,T1105,0,Ingress Tool Transfer,Command and Control,Command and Control,43,T1098,0,ebf4732f4716,validation
scenario_1_c_a.j2,S1,Video Server Exploit,36,44,T1098.004,T1098,1,Account Manipulation,Persistence,Persistence,42,T1033,0,ebf4732f4716,validation
scenario_1_c_a.j2,S1,Video Server Exploit,37,44,T1033,T1033,0,System Owner/User Discovery,Discovery,Discovery,28,T1033,0,ebf4732f4716,validation
scenario_1_c_a.j2,S1,Video Server Exploit,38,44,T1033,T1033,0,System Owner/User Discovery,Discovery,Discovery,28,T1003,0,ebf4732f4716,validation
scenario_1_c_a.j2,S1,Video Server Exploit,39,44,T1003.008,T1003,1,OS Credential Dumping,Credential Access,Credential Access,23,T1120,0,ebf4732f4716,validation
scenario_1_c_a.j2,S1,Video Server Exploit,40,44,T1120,T1120,0,Peripheral Device Discovery,Discovery,Discovery,46,T1120,0,ebf4732f4716,validation
scenario_1_c_a.j2,S1,Video Server Exploit,41,44,T1120,T1120,0,Peripheral Device Discovery,Discovery,Discovery,46,T1124,0,ebf4732f4716,validation
scenario_1_c_a.j2,S1,Video Server Exploit,42,44,T1124,T1124,0,System Time Discovery,Discovery,Discovery,47,T1497,0,ebf4732f4716,validation
scenario_1_c_a.j2,S1,Video Server Exploit,43,44,T1497.001,T1497,1,Virtualization/Sandbox Evasion,Defense Evasion,Defense Evasion,59,,1,ebf4732f4716,validation
scenario_1_c_b.j2,S1,Video Server Exploit,0,44,T1590.002,T1590,1,Gather Victim Network Information,Reconnaissance,Reconnaissance,72,T1591,0,821f8c4e658d,train
scenario_1_c_b.j2,S1,Video Server Exploit,1,44,T1591,T1591,0,Gather Victim Org Information,Reconnaissance,Reconnaissance,73,T1595,0,821f8c4e658d,train
scenario_1_c_b.j2,S1,Video Server Exploit,2,44,T1595,T1595,0,Active Scanning,Reconnaissance,Reconnaissance,75,T1592,0,821f8c4e658d,train
scenario_1_c_b.j2,S1,Video Server Exploit,3,44,T1592.002,T1592,1,Gather Victim Host Information,Reconnaissance,Reconnaissance,74,T1595,0,821f8c4e658d,train
scenario_1_c_b.j2,S1,Video Server Exploit,4,44,T1595.002,T1595,1,Active Scanning,Reconnaissance,Reconnaissance,75,T1595,0,821f8c4e658d,train
scenario_1_c_b.j2,S1,Video Server Exploit,5,44,T1595.003,T1595,1,Active Scanning,Reconnaissance,Reconnaissance,75,T1190,0,821f8c4e658d,train
scenario_1_c_b.j2,S1,Video Server Exploit,6,44,T1190,T1190,0,Exploit Public-Facing Application,Initial Access,Initial Access,0,T1059,0,821f8c4e658d,train
scenario_1_c_b.j2,S1,Video Server Exploit,7,44,T1059.006,T1059,1,Command and Scripting Interpreter,Initial Access,Execution,2,T1105,0,821f8c4e658d,train
scenario_1_c_b.j2,S1,Video Server Exploit,8,44,T1105,T1105,0,Ingress Tool Transfer,Command and Control,Command and Control,43,T1059,0,821f8c4e658d,train
scenario_1_c_b.j2,S1,Video Server Exploit,9,44,T1059,T1059,0,Command and Scripting Interpreter,Execution,Execution,2,T1059,0,821f8c4e658d,train
scenario_1_c_b.j2,S1,Video Server Exploit,10,44,T1059,T1059,0,Command and Scripting Interpreter,Execution,Execution,2,T1059,0,821f8c4e658d,train
scenario_1_c_b.j2,S1,Video Server Exploit,11,44,T1059,T1059,0,Command and Scripting Interpreter,Execution,Execution,2,T1059,0,821f8c4e658d,train
scenario_1_c_b.j2,S1,Video Server Exploit,12,44,T1059,T1059,0,Command and Scripting Interpreter,Execution,Execution,2,T1059,0,821f8c4e658d,train
scenario_1_c_b.j2,S1,Video Server Exploit,13,44,T1059,T1059,0,Command and Scripting Interpreter,Execution,Execution,2,T1059,0,821f8c4e658d,train
scenario_1_c_b.j2,S1,Video Server Exploit,14,44,T1059,T1059,0,Command and Scripting Interpreter,Execution,Execution,2,T1087,0,821f8c4e658d,train
scenario_1_c_b.j2,S1,Video Server Exploit,15,44,T1087,T1087,0,Account Discovery,Discovery,Discovery,40,T1083,0,821f8c4e658d,train
scenario_1_c_b.j2,S1,Video Server Exploit,16,44,T1083,T1083,0,File and Directory Discovery,Discovery,Discovery,11,T1201,0,821f8c4e658d,train
scenario_1_c_b.j2,S1,Video Server Exploit,17,44,T1201,T1201,0,Password Policy Discovery,Discovery,Discovery,51,T1069,0,821f8c4e658d,train
scenario_1_c_b.j2,S1,Video Server Exploit,18,44,T1069,T1069,0,Permission Groups Discovery,Discovery,Discovery,78,T1057,0,821f8c4e658d,train
scenario_1_c_b.j2,S1,Video Server Exploit,19,44,T1057,T1057,0,Process Discovery,Discovery,Discovery,33,T1518,0,821f8c4e658d,train
scenario_1_c_b.j2,S1,Video Server Exploit,20,44,T1518,T1518,0,Software Discovery,Discovery,Discovery,80,T1082,0,821f8c4e658d,train
scenario_1_c_b.j2,S1,Video Server Exploit,21,44,T1082,T1082,0,System Information Discovery,Discovery,Discovery,39,T1614,0,821f8c4e658d,train
scenario_1_c_b.j2,S1,Video Server Exploit,22,44,T1614,T1614,0,System Location Discovery,Discovery,Discovery,82,T1016,0,821f8c4e658d,train
scenario_1_c_b.j2,S1,Video Server Exploit,23,44,T1016,T1016,0,System Network Configuration Discovery,Discovery,Discovery,10,T1049,0,821f8c4e658d,train
scenario_1_c_b.j2,S1,Video Server Exploit,24,44,T1049,T1049,0,System Network Connections Discovery,Discovery,Discovery,31,T1033,0,821f8c4e658d,train
scenario_1_c_b.j2,S1,Video Server Exploit,25,44,T1033,T1033,0,System Owner/User Discovery,Discovery,Discovery,28,T1007,0,821f8c4e658d,train
scenario_1_c_b.j2,S1,Video Server Exploit,26,44,T1007,T1007,0,System Service Discovery,Discovery,Discovery,24,T1615,0,821f8c4e658d,train
scenario_1_c_b.j2,S1,Video Server Exploit,27,44,T1615,T1615,0,Group Policy Discovery,Discovery,Discovery,83,T1033,0,821f8c4e658d,train
scenario_1_c_b.j2,S1,Video Server Exploit,28,44,T1033,T1033,0,System Owner/User Discovery,Discovery,Discovery,28,T1547,0,821f8c4e658d,train
scenario_1_c_b.j2,S1,Video Server Exploit,29,44,T1547,T1547,0,Boot or Logon Autostart Execution,Persistence,Persistence,6,T1547,0,821f8c4e658d,train
scenario_1_c_b.j2,S1,Video Server Exploit,30,44,T1547,T1547,0,Boot or Logon Autostart Execution,Persistence,Persistence,6,T1059,0,821f8c4e658d,train
scenario_1_c_b.j2,S1,Video Server Exploit,31,44,T1059,T1059,0,Command and Scripting Interpreter,Execution,Execution,2,T1059,0,821f8c4e658d,train
scenario_1_c_b.j2,S1,Video Server Exploit,32,44,T1059,T1059,0,Command and Scripting Interpreter,Execution,Execution,2,T1059,0,821f8c4e658d,train
scenario_1_c_b.j2,S1,Video Server Exploit,33,44,T1059,T1059,0,Command and Scripting Interpreter,Execution,Execution,2,T1033,0,821f8c4e658d,train
scenario_1_c_b.j2,S1,Video Server Exploit,34,44,T1033,T1033,0,System Owner/User Discovery,Discovery,Discovery,28,T1105,0,821f8c4e658d,train
scenario_1_c_b.j2,S1,Video Server Exploit,35,44,T1105,T1105,0,Ingress Tool Transfer,Command and Control,Command and Control,43,T1136,0,821f8c4e658d,train
scenario_1_c_b.j2,S1,Video Server Exploit,36,44,T1136.001,T1136,1,Create Account,Persistence,Persistence,49,T1033,0,821f8c4e658d,train
scenario_1_c_b.j2,S1,Video Server Exploit,37,44,T1033,T1033,0,System Owner/User Discovery,Discovery,Discovery,28,T1033,0,821f8c4e658d,train
scenario_1_c_b.j2,S1,Video Server Exploit,38,44,T1033,T1033,0,System Owner/User Discovery,Discovery,Discovery,28,T1003,0,821f8c4e658d,train
scenario_1_c_b.j2,S1,Video Server Exploit,39,44,T1003.008,T1003,1,OS Credential Dumping,Credential Access,Credential Access,23,T1120,0,821f8c4e658d,train
scenario_1_c_b.j2,S1,Video Server Exploit,40,44,T1120,T1120,0,Peripheral Device Discovery,Discovery,Discovery,46,T1120,0,821f8c4e658d,train
scenario_1_c_b.j2,S1,Video Server Exploit,41,44,T1120,T1120,0,Peripheral Device Discovery,Discovery,Discovery,46,T1124,0,821f8c4e658d,train
scenario_1_c_b.j2,S1,Video Server Exploit,42,44,T1124,T1124,0,System Time Discovery,Discovery,Discovery,47,T1497,0,821f8c4e658d,train
scenario_1_c_b.j2,S1,Video Server Exploit,43,44,T1497.001,T1497,1,Virtualization/Sandbox Evasion,Defense Evasion,Defense Evasion,59,,1,821f8c4e658d,train
scenario_1_c_c.j2,S1,Video Server Exploit,0,44,T1590.002,T1590,1,Gather Victim Network Information,Reconnaissance,Reconnaissance,72,T1591,0,b8894870ed5d,test
scenario_1_c_c.j2,S1,Video Server Exploit,1,44,T1591,T1591,0,Gather Victim Org Information,Reconnaissance,Reconnaissance,73,T1595,0,b8894870ed5d,test
scenario_1_c_c.j2,S1,Video Server Exploit,2,44,T1595,T1595,0,Active Scanning,Reconnaissance,Reconnaissance,75,T1592,0,b8894870ed5d,test
scenario_1_c_c.j2,S1,Video Server Exploit,3,44,T1592.002,T1592,1,Gather Victim Host Information,Reconnaissance,Reconnaissance,74,T1595,0,b8894870ed5d,test
scenario_1_c_c.j2,S1,Video Server Exploit,4,44,T1595.002,T1595,1,Active Scanning,Reconnaissance,Reconnaissance,75,T1595,0,b8894870ed5d,test
scenario_1_c_c.j2,S1,Video Server Exploit,5,44,T1595.003,T1595,1,Active Scanning,Reconnaissance,Reconnaissance,75,T1190,0,b8894870ed5d,test
scenario_1_c_c.j2,S1,Video Server Exploit,6,44,T1190,T1190,0,Exploit Public-Facing Application,Initial Access,Initial Access,0,T1059,0,b8894870ed5d,test
scenario_1_c_c.j2,S1,Video Server Exploit,7,44,T1059.006,T1059,1,Command and Scripting Interpreter,Initial Access,Execution,2,T1105,0,b8894870ed5d,test
scenario_1_c_c.j2,S1,Video Server Exploit,8,44,T1105,T1105,0,Ingress Tool Transfer,Command and Control,Command and Control,43,T1059,0,b8894870ed5d,test
scenario_1_c_c.j2,S1,Video Server Exploit,9,44,T1059,T1059,0,Command and Scripting Interpreter,Execution,Execution,2,T1059,0,b8894870ed5d,test
scenario_1_c_c.j2,S1,Video Server Exploit,10,44,T1059,T1059,0,Command and Scripting Interpreter,Execution,Execution,2,T1059,0,b8894870ed5d,test
scenario_1_c_c.j2,S1,Video Server Exploit,11,44,T1059,T1059,0,Command and Scripting Interpreter,Execution,Execution,2,T1059,0,b8894870ed5d,test
scenario_1_c_c.j2,S1,Video Server Exploit,12,44,T1059,T1059,0,Command and Scripting Interpreter,Execution,Execution,2,T1059,0,b8894870ed5d,test
scenario_1_c_c.j2,S1,Video Server Exploit,13,44,T1059,T1059,0,Command and Scripting Interpreter,Execution,Execution,2,T1059,0,b8894870ed5d,test
scenario_1_c_c.j2,S1,Video Server Exploit,14,44,T1059,T1059,0,Command and Scripting Interpreter,Execution,Execution,2,T1087,0,b8894870ed5d,test
scenario_1_c_c.j2,S1,Video Server Exploit,15,44,T1087,T1087,0,Account Discovery,Discovery,Discovery,40,T1083,0,b8894870ed5d,test
scenario_1_c_c.j2,S1,Video Server Exploit,16,44,T1083,T1083,0,File and Directory Discovery,Discovery,Discovery,11,T1201,0,b8894870ed5d,test
scenario_1_c_c.j2,S1,Video Server Exploit,17,44,T1201,T1201,0,Password Policy Discovery,Discovery,Discovery,51,T1069,0,b8894870ed5d,test
scenario_1_c_c.j2,S1,Video Server Exploit,18,44,T1069,T1069,0,Permission Groups Discovery,Discovery,Discovery,78,T1057,0,b8894870ed5d,test
scenario_1_c_c.j2,S1,Video Server Exploit,19,44,T1057,T1057,0,Process Discovery,Discovery,Discovery,33,T1518,0,b8894870ed5d,test
scenario_1_c_c.j2,S1,Video Server Exploit,20,44,T1518,T1518,0,Software Discovery,Discovery,Discovery,80,T1082,0,b8894870ed5d,test
scenario_1_c_c.j2,S1,Video Server Exploit,21,44,T1082,T1082,0,System Information Discovery,Discovery,Discovery,39,T1614,0,b8894870ed5d,test
scenario_1_c_c.j2,S1,Video Server Exploit,22,44,T1614,T1614,0,System Location Discovery,Discovery,Discovery,82,T1016,0,b8894870ed5d,test
scenario_1_c_c.j2,S1,Video Server Exploit,23,44,T1016,T1016,0,System Network Configuration Discovery,Discovery,Discovery,10,T1049,0,b8894870ed5d,test
scenario_1_c_c.j2,S1,Video Server Exploit,24,44,T1049,T1049,0,System Network Connections Discovery,Discovery,Discovery,31,T1033,0,b8894870ed5d,test
scenario_1_c_c.j2,S1,Video Server Exploit,25,44,T1033,T1033,0,System Owner/User Discovery,Discovery,Discovery,28,T1007,0,b8894870ed5d,test
scenario_1_c_c.j2,S1,Video Server Exploit,26,44,T1007,T1007,0,System Service Discovery,Discovery,Discovery,24,T1615,0,b8894870ed5d,test
scenario_1_c_c.j2,S1,Video Server Exploit,27,44,T1615,T1615,0,Group Policy Discovery,Discovery,Discovery,83,T1033,0,b8894870ed5d,test
scenario_1_c_c.j2,S1,Video Server Exploit,28,44,T1033,T1033,0,System Owner/User Discovery,Discovery,Discovery,28,T1547,0,b8894870ed5d,test
scenario_1_c_c.j2,S1,Video Server Exploit,29,44,T1547,T1547,0,Boot or Logon Autostart Execution,Persistence,Persistence,6,T1547,0,b8894870ed5d,test
scenario_1_c_c.j2,S1,Video Server Exploit,30,44,T1547,T1547,0,Boot or Logon Autostart Execution,Persistence,Persistence,6,T1059,0,b8894870ed5d,test
scenario_1_c_c.j2,S1,Video Server Exploit,31,44,T1059,T1059,0,Command and Scripting Interpreter,Execution,Execution,2,T1059,0,b8894870ed5d,test
scenario_1_c_c.j2,S1,Video Server Exploit,32,44,T1059,T1059,0,Command and Scripting Interpreter,Execution,Execution,2,T1059,0,b8894870ed5d,test
scenario_1_c_c.j2,S1,Video Server Exploit,33,44,T1059,T1059,0,Command and Scripting Interpreter,Execution,Execution,2,T1033,0,b8894870ed5d,test
scenario_1_c_c.j2,S1,Video Server Exploit,34,44,T1033,T1033,0,System Owner/User Discovery,Discovery,Discovery,28,T1105,0,b8894870ed5d,test
scenario_1_c_c.j2,S1,Video Server Exploit,35,44,T1105,T1105,0,Ingress Tool Transfer,Command and Control,Command and Control,43,T1556,0,b8894870ed5d,test
scenario_1_c_c.j2,S1,Video Server Exploit,36,44,T1556.003,T1556,1,Modify Authentication Process,Persistence,Credential Access,65,T1033,0,b8894870ed5d,test
scenario_1_c_c.j2,S1,Video Server Exploit,37,44,T1033,T1033,0,System Owner/User Discovery,Discovery,Discovery,28,T1033,0,b8894870ed5d,test
scenario_1_c_c.j2,S1,Video Server Exploit,38,44,T1033,T1033,0,System Owner/User Discovery,Discovery,Discovery,28,T1003,0,b8894870ed5d,test
scenario_1_c_c.j2,S1,Video Server Exploit,39,44,T1003.008,T1003,1,OS Credential Dumping,Credential Access,Credential Access,23,T1120,0,b8894870ed5d,test
scenario_1_c_c.j2,S1,Video Server Exploit,40,44,T1120,T1120,0,Peripheral Device Discovery,Discovery,Discovery,46,T1120,0,b8894870ed5d,test
scenario_1_c_c.j2,S1,Video Server Exploit,41,44,T1120,T1120,0,Peripheral Device Discovery,Discovery,Discovery,46,T1124,0,b8894870ed5d,test
scenario_1_c_c.j2,S1,Video Server Exploit,42,44,T1124,T1124,0,System Time Discovery,Discovery,Discovery,47,T1497,0,b8894870ed5d,test
scenario_1_c_c.j2,S1,Video Server Exploit,43,44,T1497.001,T1497,1,Virtualization/Sandbox Evasion,Defense Evasion,Defense Evasion,59,,1,b8894870ed5d,test
scenario_1_d_a.j2,S1,Video Server Exploit,0,51,T1590.002,T1590,1,Gather Victim Network Information,Reconnaissance,Reconnaissance,72,T1591,0,f78f864ba7b1,test
scenario_1_d_a.j2,S1,Video Server Exploit,1,51,T1591,T1591,0,Gather Victim Org Information,Reconnaissance,Reconnaissance,73,T1595,0,f78f864ba7b1,test
scenario_1_d_a.j2,S1,Video Server Exploit,2,51,T1595,T1595,0,Active Scanning,Reconnaissance,Reconnaissance,75,T1592,0,f78f864ba7b1,test
scenario_1_d_a.j2,S1,Video Server Exploit,3,51,T1592.002,T1592,1,Gather Victim Host Information,Reconnaissance,Reconnaissance,74,T1595,0,f78f864ba7b1,test
scenario_1_d_a.j2,S1,Video Server Exploit,4,51,T1595.002,T1595,1,Active Scanning,Reconnaissance,Reconnaissance,75,T1595,0,f78f864ba7b1,test
scenario_1_d_a.j2,S1,Video Server Exploit,5,51,T1595.003,T1595,1,Active Scanning,Reconnaissance,Reconnaissance,75,T1190,0,f78f864ba7b1,test
scenario_1_d_a.j2,S1,Video Server Exploit,6,51,T1190,T1190,0,Exploit Public-Facing Application,Initial Access,Initial Access,0,T1059,0,f78f864ba7b1,test
scenario_1_d_a.j2,S1,Video Server Exploit,7,51,T1059.006,T1059,1,Command and Scripting Interpreter,Initial Access,Execution,2,T1105,0,f78f864ba7b1,test
scenario_1_d_a.j2,S1,Video Server Exploit,8,51,T1105,T1105,0,Ingress Tool Transfer,Command and Control,Command and Control,43,T1105,0,f78f864ba7b1,test
scenario_1_d_a.j2,S1,Video Server Exploit,9,51,T1105,T1105,0,Ingress Tool Transfer,Command and Control,Command and Control,43,T1059,0,f78f864ba7b1,test
scenario_1_d_a.j2,S1,Video Server Exploit,10,51,T1059,T1059,0,Command and Scripting Interpreter,Execution,Execution,2,T1059,0,f78f864ba7b1,test
scenario_1_d_a.j2,S1,Video Server Exploit,11,51,T1059,T1059,0,Command and Scripting Interpreter,Execution,Execution,2,T1059,0,f78f864ba7b1,test
scenario_1_d_a.j2,S1,Video Server Exploit,12,51,T1059,T1059,0,Command and Scripting Interpreter,Execution,Execution,2,T1059,0,f78f864ba7b1,test
scenario_1_d_a.j2,S1,Video Server Exploit,13,51,T1059,T1059,0,Command and Scripting Interpreter,Execution,Execution,2,T1059,0,f78f864ba7b1,test
scenario_1_d_a.j2,S1,Video Server Exploit,14,51,T1059,T1059,0,Command and Scripting Interpreter,Execution,Execution,2,T1059,0,f78f864ba7b1,test
scenario_1_d_a.j2,S1,Video Server Exploit,15,51,T1059,T1059,0,Command and Scripting Interpreter,Execution,Execution,2,T1059,0,f78f864ba7b1,test
scenario_1_d_a.j2,S1,Video Server Exploit,16,51,T1059,T1059,0,Command and Scripting Interpreter,Execution,Execution,2,T1087,0,f78f864ba7b1,test
scenario_1_d_a.j2,S1,Video Server Exploit,17,51,T1087,T1087,0,Account Discovery,Discovery,Discovery,40,T1083,0,f78f864ba7b1,test
scenario_1_d_a.j2,S1,Video Server Exploit,18,51,T1083,T1083,0,File and Directory Discovery,Discovery,Discovery,11,T1201,0,f78f864ba7b1,test
scenario_1_d_a.j2,S1,Video Server Exploit,19,51,T1201,T1201,0,Password Policy Discovery,Discovery,Discovery,51,T1069,0,f78f864ba7b1,test
scenario_1_d_a.j2,S1,Video Server Exploit,20,51,T1069,T1069,0,Permission Groups Discovery,Discovery,Discovery,78,T1057,0,f78f864ba7b1,test
scenario_1_d_a.j2,S1,Video Server Exploit,21,51,T1057,T1057,0,Process Discovery,Discovery,Discovery,33,T1518,0,f78f864ba7b1,test
scenario_1_d_a.j2,S1,Video Server Exploit,22,51,T1518,T1518,0,Software Discovery,Discovery,Discovery,80,T1082,0,f78f864ba7b1,test
scenario_1_d_a.j2,S1,Video Server Exploit,23,51,T1082,T1082,0,System Information Discovery,Discovery,Discovery,39,T1614,0,f78f864ba7b1,test
scenario_1_d_a.j2,S1,Video Server Exploit,24,51,T1614,T1614,0,System Location Discovery,Discovery,Discovery,82,T1016,0,f78f864ba7b1,test
scenario_1_d_a.j2,S1,Video Server Exploit,25,51,T1016,T1016,0,System Network Configuration Discovery,Discovery,Discovery,10,T1049,0,f78f864ba7b1,test
scenario_1_d_a.j2,S1,Video Server Exploit,26,51,T1049,T1049,0,System Network Connections Discovery,Discovery,Discovery,31,T1033,0,f78f864ba7b1,test
scenario_1_d_a.j2,S1,Video Server Exploit,27,51,T1033,T1033,0,System Owner/User Discovery,Discovery,Discovery,28,T1007,0,f78f864ba7b1,test
scenario_1_d_a.j2,S1,Video Server Exploit,28,51,T1007,T1007,0,System Service Discovery,Discovery,Discovery,24,T1615,0,f78f864ba7b1,test
scenario_1_d_a.j2,S1,Video Server Exploit,29,51,T1615,T1615,0,Group Policy Discovery,Discovery,Discovery,83,T1033,0,f78f864ba7b1,test
scenario_1_d_a.j2,S1,Video Server Exploit,30,51,T1033,T1033,0,System Owner/User Discovery,Discovery,Discovery,28,T1546,0,f78f864ba7b1,test
scenario_1_d_a.j2,S1,Video Server Exploit,31,51,T1546,T1546,0,Event Triggered Execution,Privilege Escalation,Persistence,63,T1546,0,f78f864ba7b1,test
scenario_1_d_a.j2,S1,Video Server Exploit,32,51,T1546,T1546,0,Event Triggered Execution,Privilege Escalation,Persistence,63,T1546,0,f78f864ba7b1,test
scenario_1_d_a.j2,S1,Video Server Exploit,33,51,T1546,T1546,0,Event Triggered Execution,Privilege Escalation,Persistence,63,T1546,0,f78f864ba7b1,test
scenario_1_d_a.j2,S1,Video Server Exploit,34,51,T1546,T1546,0,Event Triggered Execution,Privilege Escalation,Persistence,63,T1546,0,f78f864ba7b1,test
scenario_1_d_a.j2,S1,Video Server Exploit,35,51,T1546,T1546,0,Event Triggered Execution,Privilege Escalation,Persistence,63,T1546,0,f78f864ba7b1,test
scenario_1_d_a.j2,S1,Video Server Exploit,36,51,T1546,T1546,0,Event Triggered Execution,Privilege Escalation,Persistence,63,T1546,0,f78f864ba7b1,test
scenario_1_d_a.j2,S1,Video Server Exploit,37,51,T1546,T1546,0,Event Triggered Execution,Privilege Escalation,Persistence,63,T1059,0,f78f864ba7b1,test
scenario_1_d_a.j2,S1,Video Server Exploit,38,51,T1059,T1059,0,Command and Scripting Interpreter,Execution,Execution,2,T1059,0,f78f864ba7b1,test
scenario_1_d_a.j2,S1,Video Server Exploit,39,51,T1059,T1059,0,Command and Scripting Interpreter,Execution,Execution,2,T1059,0,f78f864ba7b1,test
scenario_1_d_a.j2,S1,Video Server Exploit,40,51,T1059,T1059,0,Command and Scripting Interpreter,Execution,Execution,2,T1033,0,f78f864ba7b1,test
scenario_1_d_a.j2,S1,Video Server Exploit,41,51,T1033,T1033,0,System Owner/User Discovery,Discovery,Discovery,28,T1105,0,f78f864ba7b1,test
scenario_1_d_a.j2,S1,Video Server Exploit,42,51,T1105,T1105,0,Ingress Tool Transfer,Command and Control,Command and Control,43,T1098,0,f78f864ba7b1,test
scenario_1_d_a.j2,S1,Video Server Exploit,43,51,T1098.004,T1098,1,Account Manipulation,Persistence,Persistence,42,T1033,0,f78f864ba7b1,test
scenario_1_d_a.j2,S1,Video Server Exploit,44,51,T1033,T1033,0,System Owner/User Discovery,Discovery,Discovery,28,T1033,0,f78f864ba7b1,test
scenario_1_d_a.j2,S1,Video Server Exploit,45,51,T1033,T1033,0,System Owner/User Discovery,Discovery,Discovery,28,T1003,0,f78f864ba7b1,test
scenario_1_d_a.j2,S1,Video Server Exploit,46,51,T1003.008,T1003,1,OS Credential Dumping,Credential Access,Credential Access,23,T1120,0,f78f864ba7b1,test
scenario_1_d_a.j2,S1,Video Server Exploit,47,51,T1120,T1120,0,Peripheral Device Discovery,Discovery,Discovery,46,T1120,0,f78f864ba7b1,test
scenario_1_d_a.j2,S1,Video Server Exploit,48,51,T1120,T1120,0,Peripheral Device Discovery,Discovery,Discovery,46,T1124,0,f78f864ba7b1,test
scenario_1_d_a.j2,S1,Video Server Exploit,49,51,T1124,T1124,0,System Time Discovery,Discovery,Discovery,47,T1497,0,f78f864ba7b1,test
scenario_1_d_a.j2,S1,Video Server Exploit,50,51,T1497.001,T1497,1,Virtualization/Sandbox Evasion,Defense Evasion,Defense Evasion,59,,1,f78f864ba7b1,test
scenario_1_d_b.j2,S1,Video Server Exploit,0,51,T1590.002,T1590,1,Gather Victim Network Information,Reconnaissance,Reconnaissance,72,T1591,0,baebce26b4c0,train
scenario_1_d_b.j2,S1,Video Server Exploit,1,51,T1591,T1591,0,Gather Victim Org Information,Reconnaissance,Reconnaissance,73,T1595,0,baebce26b4c0,train
scenario_1_d_b.j2,S1,Video Server Exploit,2,51,T1595,T1595,0,Active Scanning,Reconnaissance,Reconnaissance,75,T1592,0,baebce26b4c0,train
scenario_1_d_b.j2,S1,Video Server Exploit,3,51,T1592.002,T1592,1,Gather Victim Host Information,Reconnaissance,Reconnaissance,74,T1595,0,baebce26b4c0,train
scenario_1_d_b.j2,S1,Video Server Exploit,4,51,T1595.002,T1595,1,Active Scanning,Reconnaissance,Reconnaissance,75,T1595,0,baebce26b4c0,train
scenario_1_d_b.j2,S1,Video Server Exploit,5,51,T1595.003,T1595,1,Active Scanning,Reconnaissance,Reconnaissance,75,T1190,0,baebce26b4c0,train
scenario_1_d_b.j2,S1,Video Server Exploit,6,51,T1190,T1190,0,Exploit Public-Facing Application,Initial Access,Initial Access,0,T1059,0,baebce26b4c0,train
scenario_1_d_b.j2,S1,Video Server Exploit,7,51,T1059.006,T1059,1,Command and Scripting Interpreter,Initial Access,Execution,2,T1105,0,baebce26b4c0,train
scenario_1_d_b.j2,S1,Video Server Exploit,8,51,T1105,T1105,0,Ingress Tool Transfer,Command and Control,Command and Control,43,T1105,0,baebce26b4c0,train
scenario_1_d_b.j2,S1,Video Server Exploit,9,51,T1105,T1105,0,Ingress Tool Transfer,Command and Control,Command and Control,43,T1059,0,baebce26b4c0,train
scenario_1_d_b.j2,S1,Video Server Exploit,10,51,T1059,T1059,0,Command and Scripting Interpreter,Execution,Execution,2,T1059,0,baebce26b4c0,train
scenario_1_d_b.j2,S1,Video Server Exploit,11,51,T1059,T1059,0,Command and Scripting Interpreter,Execution,Execution,2,T1059,0,baebce26b4c0,train
scenario_1_d_b.j2,S1,Video Server Exploit,12,51,T1059,T1059,0,Command and Scripting Interpreter,Execution,Execution,2,T1059,0,baebce26b4c0,train
scenario_1_d_b.j2,S1,Video Server Exploit,13,51,T1059,T1059,0,Command and Scripting Interpreter,Execution,Execution,2,T1059,0,baebce26b4c0,train
scenario_1_d_b.j2,S1,Video Server Exploit,14,51,T1059,T1059,0,Command and Scripting Interpreter,Execution,Execution,2,T1059,0,baebce26b4c0,train
scenario_1_d_b.j2,S1,Video Server Exploit,15,51,T1059,T1059,0,Command and Scripting Interpreter,Execution,Execution,2,T1059,0,baebce26b4c0,train
scenario_1_d_b.j2,S1,Video Server Exploit,16,51,T1059,T1059,0,Command and Scripting Interpreter,Execution,Execution,2,T1087,0,baebce26b4c0,train
scenario_1_d_b.j2,S1,Video Server Exploit,17,51,T1087,T1087,0,Account Discovery,Discovery,Discovery,40,T1083,0,baebce26b4c0,train
scenario_1_d_b.j2,S1,Video Server Exploit,18,51,T1083,T1083,0,File and Directory Discovery,Discovery,Discovery,11,T1201,0,baebce26b4c0,train
scenario_1_d_b.j2,S1,Video Server Exploit,19,51,T1201,T1201,0,Password Policy Discovery,Discovery,Discovery,51,T1069,0,baebce26b4c0,train
scenario_1_d_b.j2,S1,Video Server Exploit,20,51,T1069,T1069,0,Permission Groups Discovery,Discovery,Discovery,78,T1057,0,baebce26b4c0,train
scenario_1_d_b.j2,S1,Video Server Exploit,21,51,T1057,T1057,0,Process Discovery,Discovery,Discovery,33,T1518,0,baebce26b4c0,train
scenario_1_d_b.j2,S1,Video Server Exploit,22,51,T1518,T1518,0,Software Discovery,Discovery,Discovery,80,T1082,0,baebce26b4c0,train
scenario_1_d_b.j2,S1,Video Server Exploit,23,51,T1082,T1082,0,System Information Discovery,Discovery,Discovery,39,T1614,0,baebce26b4c0,train
scenario_1_d_b.j2,S1,Video Server Exploit,24,51,T1614,T1614,0,System Location Discovery,Discovery,Discovery,82,T1016,0,baebce26b4c0,train
scenario_1_d_b.j2,S1,Video Server Exploit,25,51,T1016,T1016,0,System Network Configuration Discovery,Discovery,Discovery,10,T1049,0,baebce26b4c0,train
scenario_1_d_b.j2,S1,Video Server Exploit,26,51,T1049,T1049,0,System Network Connections Discovery,Discovery,Discovery,31,T1033,0,baebce26b4c0,train
scenario_1_d_b.j2,S1,Video Server Exploit,27,51,T1033,T1033,0,System Owner/User Discovery,Discovery,Discovery,28,T1007,0,baebce26b4c0,train
scenario_1_d_b.j2,S1,Video Server Exploit,28,51,T1007,T1007,0,System Service Discovery,Discovery,Discovery,24,T1615,0,baebce26b4c0,train
scenario_1_d_b.j2,S1,Video Server Exploit,29,51,T1615,T1615,0,Group Policy Discovery,Discovery,Discovery,83,T1033,0,baebce26b4c0,train
scenario_1_d_b.j2,S1,Video Server Exploit,30,51,T1033,T1033,0,System Owner/User Discovery,Discovery,Discovery,28,T1546,0,baebce26b4c0,train
scenario_1_d_b.j2,S1,Video Server Exploit,31,51,T1546,T1546,0,Event Triggered Execution,Privilege Escalation,Persistence,63,T1546,0,baebce26b4c0,train
scenario_1_d_b.j2,S1,Video Server Exploit,32,51,T1546,T1546,0,Event Triggered Execution,Privilege Escalation,Persistence,63,T1546,0,baebce26b4c0,train
scenario_1_d_b.j2,S1,Video Server Exploit,33,51,T1546,T1546,0,Event Triggered Execution,Privilege Escalation,Persistence,63,T1546,0,baebce26b4c0,train
scenario_1_d_b.j2,S1,Video Server Exploit,34,51,T1546,T1546,0,Event Triggered Execution,Privilege Escalation,Persistence,63,T1546,0,baebce26b4c0,train
scenario_1_d_b.j2,S1,Video Server Exploit,35,51,T1546,T1546,0,Event Triggered Execution,Privilege Escalation,Persistence,63,T1546,0,baebce26b4c0,train
scenario_1_d_b.j2,S1,Video Server Exploit,36,51,T1546,T1546,0,Event Triggered Execution,Privilege Escalation,Persistence,63,T1546,0,baebce26b4c0,train
scenario_1_d_b.j2,S1,Video Server Exploit,37,51,T1546,T1546,0,Event Triggered Execution,Privilege Escalation,Persistence,63,T1059,0,baebce26b4c0,train
scenario_1_d_b.j2,S1,Video Server Exploit,38,51,T1059,T1059,0,Command and Scripting Interpreter,Execution,Execution,2,T1059,0,baebce26b4c0,train
scenario_1_d_b.j2,S1,Video Server Exploit,39,51,T1059,T1059,0,Command and Scripting Interpreter,Execution,Execution,2,T1059,0,baebce26b4c0,train
scenario_1_d_b.j2,S1,Video Server Exploit,40,51,T1059,T1059,0,Command and Scripting Interpreter,Execution,Execution,2,T1033,0,baebce26b4c0,train
scenario_1_d_b.j2,S1,Video Server Exploit,41,51,T1033,T1033,0,System Owner/User Discovery,Discovery,Discovery,28,T1105,0,baebce26b4c0,train
scenario_1_d_b.j2,S1,Video Server Exploit,42,51,T1105,T1105,0,Ingress Tool Transfer,Command and Control,Command and Control,43,T1136,0,baebce26b4c0,train
scenario_1_d_b.j2,S1,Video Server Exploit,43,51,T1136.001,T1136,1,Create Account,Persistence,Persistence,49,T1033,0,baebce26b4c0,train
scenario_1_d_b.j2,S1,Video Server Exploit,44,51,T1033,T1033,0,System Owner/User Discovery,Discovery,Discovery,28,T1033,0,baebce26b4c0,train
scenario_1_d_b.j2,S1,Video Server Exploit,45,51,T1033,T1033,0,System Owner/User Discovery,Discovery,Discovery,28,T1003,0,baebce26b4c0,train
scenario_1_d_b.j2,S1,Video Server Exploit,46,51,T1003.008,T1003,1,OS Credential Dumping,Credential Access,Credential Access,23,T1120,0,baebce26b4c0,train
scenario_1_d_b.j2,S1,Video Server Exploit,47,51,T1120,T1120,0,Peripheral Device Discovery,Discovery,Discovery,46,T1120,0,baebce26b4c0,train
scenario_1_d_b.j2,S1,Video Server Exploit,48,51,T1120,T1120,0,Peripheral Device Discovery,Discovery,Discovery,46,T1124,0,baebce26b4c0,train
scenario_1_d_b.j2,S1,Video Server Exploit,49,51,T1124,T1124,0,System Time Discovery,Discovery,Discovery,47,T1497,0,baebce26b4c0,train
scenario_1_d_b.j2,S1,Video Server Exploit,50,51,T1497.001,T1497,1,Virtualization/Sandbox Evasion,Defense Evasion,Defense Evasion,59,,1,baebce26b4c0,train
scenario_1_d_c.j2,S1,Video Server Exploit,0,51,T1590.002,T1590,1,Gather Victim Network Information,Reconnaissance,Reconnaissance,72,T1591,0,240bfba563d2,validation
scenario_1_d_c.j2,S1,Video Server Exploit,1,51,T1591,T1591,0,Gather Victim Org Information,Reconnaissance,Reconnaissance,73,T1595,0,240bfba563d2,validation
scenario_1_d_c.j2,S1,Video Server Exploit,2,51,T1595,T1595,0,Active Scanning,Reconnaissance,Reconnaissance,75,T1592,0,240bfba563d2,validation
scenario_1_d_c.j2,S1,Video Server Exploit,3,51,T1592.002,T1592,1,Gather Victim Host Information,Reconnaissance,Reconnaissance,74,T1595,0,240bfba563d2,validation
scenario_1_d_c.j2,S1,Video Server Exploit,4,51,T1595.002,T1595,1,Active Scanning,Reconnaissance,Reconnaissance,75,T1595,0,240bfba563d2,validation
scenario_1_d_c.j2,S1,Video Server Exploit,5,51,T1595.003,T1595,1,Active Scanning,Reconnaissance,Reconnaissance,75,T1190,0,240bfba563d2,validation
scenario_1_d_c.j2,S1,Video Server Exploit,6,51,T1190,T1190,0,Exploit Public-Facing Application,Initial Access,Initial Access,0,T1059,0,240bfba563d2,validation
scenario_1_d_c.j2,S1,Video Server Exploit,7,51,T1059.006,T1059,1,Command and Scripting Interpreter,Initial Access,Execution,2,T1105,0,240bfba563d2,validation
scenario_1_d_c.j2,S1,Video Server Exploit,8,51,T1105,T1105,0,Ingress Tool Transfer,Command and Control,Command and Control,43,T1105,0,240bfba563d2,validation
scenario_1_d_c.j2,S1,Video Server Exploit,9,51,T1105,T1105,0,Ingress Tool Transfer,Command and Control,Command and Control,43,T1059,0,240bfba563d2,validation
scenario_1_d_c.j2,S1,Video Server Exploit,10,51,T1059,T1059,0,Command and Scripting Interpreter,Execution,Execution,2,T1059,0,240bfba563d2,validation
scenario_1_d_c.j2,S1,Video Server Exploit,11,51,T1059,T1059,0,Command and Scripting Interpreter,Execution,Execution,2,T1059,0,240bfba563d2,validation
scenario_1_d_c.j2,S1,Video Server Exploit,12,51,T1059,T1059,0,Command and Scripting Interpreter,Execution,Execution,2,T1059,0,240bfba563d2,validation
scenario_1_d_c.j2,S1,Video Server Exploit,13,51,T1059,T1059,0,Command and Scripting Interpreter,Execution,Execution,2,T1059,0,240bfba563d2,validation
scenario_1_d_c.j2,S1,Video Server Exploit,14,51,T1059,T1059,0,Command and Scripting Interpreter,Execution,Execution,2,T1059,0,240bfba563d2,validation
scenario_1_d_c.j2,S1,Video Server Exploit,15,51,T1059,T1059,0,Command and Scripting Interpreter,Execution,Execution,2,T1059,0,240bfba563d2,validation
scenario_1_d_c.j2,S1,Video Server Exploit,16,51,T1059,T1059,0,Command and Scripting Interpreter,Execution,Execution,2,T1087,0,240bfba563d2,validation
scenario_1_d_c.j2,S1,Video Server Exploit,17,51,T1087,T1087,0,Account Discovery,Discovery,Discovery,40,T1083,0,240bfba563d2,validation
scenario_1_d_c.j2,S1,Video Server Exploit,18,51,T1083,T1083,0,File and Directory Discovery,Discovery,Discovery,11,T1201,0,240bfba563d2,validation
scenario_1_d_c.j2,S1,Video Server Exploit,19,51,T1201,T1201,0,Password Policy Discovery,Discovery,Discovery,51,T1069,0,240bfba563d2,validation
scenario_1_d_c.j2,S1,Video Server Exploit,20,51,T1069,T1069,0,Permission Groups Discovery,Discovery,Discovery,78,T1057,0,240bfba563d2,validation
scenario_1_d_c.j2,S1,Video Server Exploit,21,51,T1057,T1057,0,Process Discovery,Discovery,Discovery,33,T1518,0,240bfba563d2,validation
scenario_1_d_c.j2,S1,Video Server Exploit,22,51,T1518,T1518,0,Software Discovery,Discovery,Discovery,80,T1082,0,240bfba563d2,validation
scenario_1_d_c.j2,S1,Video Server Exploit,23,51,T1082,T1082,0,System Information Discovery,Discovery,Discovery,39,T1614,0,240bfba563d2,validation
scenario_1_d_c.j2,S1,Video Server Exploit,24,51,T1614,T1614,0,System Location Discovery,Discovery,Discovery,82,T1016,0,240bfba563d2,validation
scenario_1_d_c.j2,S1,Video Server Exploit,25,51,T1016,T1016,0,System Network Configuration Discovery,Discovery,Discovery,10,T1049,0,240bfba563d2,validation
scenario_1_d_c.j2,S1,Video Server Exploit,26,51,T1049,T1049,0,System Network Connections Discovery,Discovery,Discovery,31,T1033,0,240bfba563d2,validation
scenario_1_d_c.j2,S1,Video Server Exploit,27,51,T1033,T1033,0,System Owner/User Discovery,Discovery,Discovery,28,T1007,0,240bfba563d2,validation
scenario_1_d_c.j2,S1,Video Server Exploit,28,51,T1007,T1007,0,System Service Discovery,Discovery,Discovery,24,T1615,0,240bfba563d2,validation
scenario_1_d_c.j2,S1,Video Server Exploit,29,51,T1615,T1615,0,Group Policy Discovery,Discovery,Discovery,83,T1033,0,240bfba563d2,validation
scenario_1_d_c.j2,S1,Video Server Exploit,30,51,T1033,T1033,0,System Owner/User Discovery,Discovery,Discovery,28,T1546,0,240bfba563d2,validation
scenario_1_d_c.j2,S1,Video Server Exploit,31,51,T1546,T1546,0,Event Triggered Execution,Privilege Escalation,Persistence,63,T1546,0,240bfba563d2,validation
scenario_1_d_c.j2,S1,Video Server Exploit,32,51,T1546,T1546,0,Event Triggered Execution,Privilege Escalation,Persistence,63,T1546,0,240bfba563d2,validation
scenario_1_d_c.j2,S1,Video Server Exploit,33,51,T1546,T1546,0,Event Triggered Execution,Privilege Escalation,Persistence,63,T1546,0,240bfba563d2,validation
scenario_1_d_c.j2,S1,Video Server Exploit,34,51,T1546,T1546,0,Event Triggered Execution,Privilege Escalation,Persistence,63,T1546,0,240bfba563d2,validation
scenario_1_d_c.j2,S1,Video Server Exploit,35,51,T1546,T1546,0,Event Triggered Execution,Privilege Escalation,Persistence,63,T1546,0,240bfba563d2,validation
scenario_1_d_c.j2,S1,Video Server Exploit,36,51,T1546,T1546,0,Event Triggered Execution,Privilege Escalation,Persistence,63,T1546,0,240bfba563d2,validation
scenario_1_d_c.j2,S1,Video Server Exploit,37,51,T1546,T1546,0,Event Triggered Execution,Privilege Escalation,Persistence,63,T1059,0,240bfba563d2,validation
scenario_1_d_c.j2,S1,Video Server Exploit,38,51,T1059,T1059,0,Command and Scripting Interpreter,Execution,Execution,2,T1059,0,240bfba563d2,validation
scenario_1_d_c.j2,S1,Video Server Exploit,39,51,T1059,T1059,0,Command and Scripting Interpreter,Execution,Execution,2,T1059,0,240bfba563d2,validation
scenario_1_d_c.j2,S1,Video Server Exploit,40,51,T1059,T1059,0,Command and Scripting Interpreter,Execution,Execution,2,T1033,0,240bfba563d2,validation
scenario_1_d_c.j2,S1,Video Server Exploit,41,51,T1033,T1033,0,System Owner/User Discovery,Discovery,Discovery,28,T1105,0,240bfba563d2,validation
scenario_1_d_c.j2,S1,Video Server Exploit,42,51,T1105,T1105,0,Ingress Tool Transfer,Command and Control,Command and Control,43,T1556,0,240bfba563d2,validation
scenario_1_d_c.j2,S1,Video Server Exploit,43,51,T1556.003,T1556,1,Modify Authentication Process,Persistence,Credential Access,65,T1033,0,240bfba563d2,validation
scenario_1_d_c.j2,S1,Video Server Exploit,44,51,T1033,T1033,0,System Owner/User Discovery,Discovery,Discovery,28,T1033,0,240bfba563d2,validation
scenario_1_d_c.j2,S1,Video Server Exploit,45,51,T1033,T1033,0,System Owner/User Discovery,Discovery,Discovery,28,T1003,0,240bfba563d2,validation
scenario_1_d_c.j2,S1,Video Server Exploit,46,51,T1003.008,T1003,1,OS Credential Dumping,Credential Access,Credential Access,23,T1120,0,240bfba563d2,validation
scenario_1_d_c.j2,S1,Video Server Exploit,47,51,T1120,T1120,0,Peripheral Device Discovery,Discovery,Discovery,46,T1120,0,240bfba563d2,validation
scenario_1_d_c.j2,S1,Video Server Exploit,48,51,T1120,T1120,0,Peripheral Device Discovery,Discovery,Discovery,46,T1124,0,240bfba563d2,validation
scenario_1_d_c.j2,S1,Video Server Exploit,49,51,T1124,T1124,0,System Time Discovery,Discovery,Discovery,47,T1497,0,240bfba563d2,validation
scenario_1_d_c.j2,S1,Video Server Exploit,50,51,T1497.001,T1497,1,Virtualization/Sandbox Evasion,Defense Evasion,Defense Evasion,59,,1,240bfba563d2,validation
scenario_1_e_a.j2,S1,Video Server Exploit,0,46,T1590.002,T1590,1,Gather Victim Network Information,Reconnaissance,Reconnaissance,72,T1591,0,3519cf18b1df,test
scenario_1_e_a.j2,S1,Video Server Exploit,1,46,T1591,T1591,0,Gather Victim Org Information,Reconnaissance,Reconnaissance,73,T1595,0,3519cf18b1df,test
scenario_1_e_a.j2,S1,Video Server Exploit,2,46,T1595,T1595,0,Active Scanning,Reconnaissance,Reconnaissance,75,T1592,0,3519cf18b1df,test
scenario_1_e_a.j2,S1,Video Server Exploit,3,46,T1592.002,T1592,1,Gather Victim Host Information,Reconnaissance,Reconnaissance,74,T1595,0,3519cf18b1df,test
scenario_1_e_a.j2,S1,Video Server Exploit,4,46,T1595.002,T1595,1,Active Scanning,Reconnaissance,Reconnaissance,75,T1595,0,3519cf18b1df,test
scenario_1_e_a.j2,S1,Video Server Exploit,5,46,T1595.003,T1595,1,Active Scanning,Reconnaissance,Reconnaissance,75,T1190,0,3519cf18b1df,test
scenario_1_e_a.j2,S1,Video Server Exploit,6,46,T1190,T1190,0,Exploit Public-Facing Application,Initial Access,Initial Access,0,T1059,0,3519cf18b1df,test
scenario_1_e_a.j2,S1,Video Server Exploit,7,46,T1059.006,T1059,1,Command and Scripting Interpreter,Initial Access,Execution,2,T1105,0,3519cf18b1df,test
scenario_1_e_a.j2,S1,Video Server Exploit,8,46,T1105,T1105,0,Ingress Tool Transfer,Command and Control,Command and Control,43,T1059,0,3519cf18b1df,test
scenario_1_e_a.j2,S1,Video Server Exploit,9,46,T1059,T1059,0,Command and Scripting Interpreter,Execution,Execution,2,T1059,0,3519cf18b1df,test
scenario_1_e_a.j2,S1,Video Server Exploit,10,46,T1059,T1059,0,Command and Scripting Interpreter,Execution,Execution,2,T1059,0,3519cf18b1df,test
scenario_1_e_a.j2,S1,Video Server Exploit,11,46,T1059,T1059,0,Command and Scripting Interpreter,Execution,Execution,2,T1059,0,3519cf18b1df,test
scenario_1_e_a.j2,S1,Video Server Exploit,12,46,T1059,T1059,0,Command and Scripting Interpreter,Execution,Execution,2,T1059,0,3519cf18b1df,test
scenario_1_e_a.j2,S1,Video Server Exploit,13,46,T1059,T1059,0,Command and Scripting Interpreter,Execution,Execution,2,T1059,0,3519cf18b1df,test
scenario_1_e_a.j2,S1,Video Server Exploit,14,46,T1059,T1059,0,Command and Scripting Interpreter,Execution,Execution,2,T1087,0,3519cf18b1df,test
scenario_1_e_a.j2,S1,Video Server Exploit,15,46,T1087,T1087,0,Account Discovery,Discovery,Discovery,40,T1083,0,3519cf18b1df,test
scenario_1_e_a.j2,S1,Video Server Exploit,16,46,T1083,T1083,0,File and Directory Discovery,Discovery,Discovery,11,T1201,0,3519cf18b1df,test
scenario_1_e_a.j2,S1,Video Server Exploit,17,46,T1201,T1201,0,Password Policy Discovery,Discovery,Discovery,51,T1069,0,3519cf18b1df,test
scenario_1_e_a.j2,S1,Video Server Exploit,18,46,T1069,T1069,0,Permission Groups Discovery,Discovery,Discovery,78,T1057,0,3519cf18b1df,test
scenario_1_e_a.j2,S1,Video Server Exploit,19,46,T1057,T1057,0,Process Discovery,Discovery,Discovery,33,T1518,0,3519cf18b1df,test
scenario_1_e_a.j2,S1,Video Server Exploit,20,46,T1518,T1518,0,Software Discovery,Discovery,Discovery,80,T1082,0,3519cf18b1df,test
scenario_1_e_a.j2,S1,Video Server Exploit,21,46,T1082,T1082,0,System Information Discovery,Discovery,Discovery,39,T1614,0,3519cf18b1df,test
scenario_1_e_a.j2,S1,Video Server Exploit,22,46,T1614,T1614,0,System Location Discovery,Discovery,Discovery,82,T1016,0,3519cf18b1df,test
scenario_1_e_a.j2,S1,Video Server Exploit,23,46,T1016,T1016,0,System Network Configuration Discovery,Discovery,Discovery,10,T1049,0,3519cf18b1df,test
scenario_1_e_a.j2,S1,Video Server Exploit,24,46,T1049,T1049,0,System Network Connections Discovery,Discovery,Discovery,31,T1033,0,3519cf18b1df,test
scenario_1_e_a.j2,S1,Video Server Exploit,25,46,T1033,T1033,0,System Owner/User Discovery,Discovery,Discovery,28,T1007,0,3519cf18b1df,test
scenario_1_e_a.j2,S1,Video Server Exploit,26,46,T1007,T1007,0,System Service Discovery,Discovery,Discovery,24,T1615,0,3519cf18b1df,test
scenario_1_e_a.j2,S1,Video Server Exploit,27,46,T1615,T1615,0,Group Policy Discovery,Discovery,Discovery,83,T1033,0,3519cf18b1df,test
scenario_1_e_a.j2,S1,Video Server Exploit,28,46,T1033,T1033,0,System Owner/User Discovery,Discovery,Discovery,28,T1053,0,3519cf18b1df,test
scenario_1_e_a.j2,S1,Video Server Exploit,29,46,T1053,T1053,0,Scheduled Task/Job,Execution,Persistence,4,T1053,0,3519cf18b1df,test
scenario_1_e_a.j2,S1,Video Server Exploit,30,46,T1053,T1053,0,Scheduled Task/Job,Execution,Persistence,4,T1059,0,3519cf18b1df,test
scenario_1_e_a.j2,S1,Video Server Exploit,31,46,T1059,T1059,0,Command and Scripting Interpreter,Execution,Execution,2,T1059,0,3519cf18b1df,test
scenario_1_e_a.j2,S1,Video Server Exploit,32,46,T1059,T1059,0,Command and Scripting Interpreter,Execution,Execution,2,T1059,0,3519cf18b1df,test
scenario_1_e_a.j2,S1,Video Server Exploit,33,46,T1059,T1059,0,Command and Scripting Interpreter,Execution,Execution,2,T1059,0,3519cf18b1df,test
scenario_1_e_a.j2,S1,Video Server Exploit,34,46,T1059,T1059,0,Command and Scripting Interpreter,Execution,Execution,2,T1033,0,3519cf18b1df,test
scenario_1_e_a.j2,S1,Video Server Exploit,35,46,T1033,T1033,0,System Owner/User Discovery,Discovery,Discovery,28,T1105,0,3519cf18b1df,test
scenario_1_e_a.j2,S1,Video Server Exploit,36,46,T1105,T1105,0,Ingress Tool Transfer,Command and Control,Command and Control,43,T1098,0,3519cf18b1df,test
scenario_1_e_a.j2,S1,Video Server Exploit,37,46,T1098.004,T1098,1,Account Manipulation,Persistence,Persistence,42,T1033,0,3519cf18b1df,test
scenario_1_e_a.j2,S1,Video Server Exploit,38,46,T1033,T1033,0,System Owner/User Discovery,Discovery,Discovery,28,T1070,0,3519cf18b1df,test
scenario_1_e_a.j2,S1,Video Server Exploit,39,46,T1070.004,T1070,1,Indicator Removal,Defense Evasion,Defense Evasion,34,T1033,0,3519cf18b1df,test
scenario_1_e_a.j2,S1,Video Server Exploit,40,46,T1033,T1033,0,System Owner/User Discovery,Discovery,Discovery,28,T1003,0,3519cf18b1df,test
scenario_1_e_a.j2,S1,Video Server Exploit,41,46,T1003.008,T1003,1,OS Credential Dumping,Credential Access,Credential Access,23,T1120,0,3519cf18b1df,test
scenario_1_e_a.j2,S1,Video Server Exploit,42,46,T1120,T1120,0,Peripheral Device Discovery,Discovery,Discovery,46,T1120,0,3519cf18b1df,test
scenario_1_e_a.j2,S1,Video Server Exploit,43,46,T1120,T1120,0,Peripheral Device Discovery,Discovery,Discovery,46,T1124,0,3519cf18b1df,test
scenario_1_e_a.j2,S1,Video Server Exploit,44,46,T1124,T1124,0,System Time Discovery,Discovery,Discovery,47,T1497,0,3519cf18b1df,test
scenario_1_e_a.j2,S1,Video Server Exploit,45,46,T1497.001,T1497,1,Virtualization/Sandbox Evasion,Defense Evasion,Defense Evasion,59,,1,3519cf18b1df,test
scenario_1_e_b.j2,S1,Video Server Exploit,0,46,T1590.002,T1590,1,Gather Victim Network Information,Reconnaissance,Reconnaissance,72,T1591,0,4eba45f0e315,validation
scenario_1_e_b.j2,S1,Video Server Exploit,1,46,T1591,T1591,0,Gather Victim Org Information,Reconnaissance,Reconnaissance,73,T1595,0,4eba45f0e315,validation
scenario_1_e_b.j2,S1,Video Server Exploit,2,46,T1595,T1595,0,Active Scanning,Reconnaissance,Reconnaissance,75,T1592,0,4eba45f0e315,validation
scenario_1_e_b.j2,S1,Video Server Exploit,3,46,T1592.002,T1592,1,Gather Victim Host Information,Reconnaissance,Reconnaissance,74,T1595,0,4eba45f0e315,validation
scenario_1_e_b.j2,S1,Video Server Exploit,4,46,T1595.002,T1595,1,Active Scanning,Reconnaissance,Reconnaissance,75,T1595,0,4eba45f0e315,validation
scenario_1_e_b.j2,S1,Video Server Exploit,5,46,T1595.003,T1595,1,Active Scanning,Reconnaissance,Reconnaissance,75,T1190,0,4eba45f0e315,validation
scenario_1_e_b.j2,S1,Video Server Exploit,6,46,T1190,T1190,0,Exploit Public-Facing Application,Initial Access,Initial Access,0,T1059,0,4eba45f0e315,validation
scenario_1_e_b.j2,S1,Video Server Exploit,7,46,T1059.006,T1059,1,Command and Scripting Interpreter,Initial Access,Execution,2,T1105,0,4eba45f0e315,validation
scenario_1_e_b.j2,S1,Video Server Exploit,8,46,T1105,T1105,0,Ingress Tool Transfer,Command and Control,Command and Control,43,T1059,0,4eba45f0e315,validation
scenario_1_e_b.j2,S1,Video Server Exploit,9,46,T1059,T1059,0,Command and Scripting Interpreter,Execution,Execution,2,T1059,0,4eba45f0e315,validation
scenario_1_e_b.j2,S1,Video Server Exploit,10,46,T1059,T1059,0,Command and Scripting Interpreter,Execution,Execution,2,T1059,0,4eba45f0e315,validation
scenario_1_e_b.j2,S1,Video Server Exploit,11,46,T1059,T1059,0,Command and Scripting Interpreter,Execution,Execution,2,T1059,0,4eba45f0e315,validation
scenario_1_e_b.j2,S1,Video Server Exploit,12,46,T1059,T1059,0,Command and Scripting Interpreter,Execution,Execution,2,T1059,0,4eba45f0e315,validation
scenario_1_e_b.j2,S1,Video Server Exploit,13,46,T1059,T1059,0,Command and Scripting Interpreter,Execution,Execution,2,T1059,0,4eba45f0e315,validation
scenario_1_e_b.j2,S1,Video Server Exploit,14,46,T1059,T1059,0,Command and Scripting Interpreter,Execution,Execution,2,T1087,0,4eba45f0e315,validation
scenario_1_e_b.j2,S1,Video Server Exploit,15,46,T1087,T1087,0,Account Discovery,Discovery,Discovery,40,T1083,0,4eba45f0e315,validation
scenario_1_e_b.j2,S1,Video Server Exploit,16,46,T1083,T1083,0,File and Directory Discovery,Discovery,Discovery,11,T1201,0,4eba45f0e315,validation
scenario_1_e_b.j2,S1,Video Server Exploit,17,46,T1201,T1201,0,Password Policy Discovery,Discovery,Discovery,51,T1069,0,4eba45f0e315,validation
scenario_1_e_b.j2,S1,Video Server Exploit,18,46,T1069,T1069,0,Permission Groups Discovery,Discovery,Discovery,78,T1057,0,4eba45f0e315,validation
scenario_1_e_b.j2,S1,Video Server Exploit,19,46,T1057,T1057,0,Process Discovery,Discovery,Discovery,33,T1518,0,4eba45f0e315,validation
scenario_1_e_b.j2,S1,Video Server Exploit,20,46,T1518,T1518,0,Software Discovery,Discovery,Discovery,80,T1082,0,4eba45f0e315,validation
scenario_1_e_b.j2,S1,Video Server Exploit,21,46,T1082,T1082,0,System Information Discovery,Discovery,Discovery,39,T1614,0,4eba45f0e315,validation
scenario_1_e_b.j2,S1,Video Server Exploit,22,46,T1614,T1614,0,System Location Discovery,Discovery,Discovery,82,T1016,0,4eba45f0e315,validation
scenario_1_e_b.j2,S1,Video Server Exploit,23,46,T1016,T1016,0,System Network Configuration Discovery,Discovery,Discovery,10,T1049,0,4eba45f0e315,validation
scenario_1_e_b.j2,S1,Video Server Exploit,24,46,T1049,T1049,0,System Network Connections Discovery,Discovery,Discovery,31,T1033,0,4eba45f0e315,validation
scenario_1_e_b.j2,S1,Video Server Exploit,25,46,T1033,T1033,0,System Owner/User Discovery,Discovery,Discovery,28,T1007,0,4eba45f0e315,validation
scenario_1_e_b.j2,S1,Video Server Exploit,26,46,T1007,T1007,0,System Service Discovery,Discovery,Discovery,24,T1615,0,4eba45f0e315,validation
scenario_1_e_b.j2,S1,Video Server Exploit,27,46,T1615,T1615,0,Group Policy Discovery,Discovery,Discovery,83,T1033,0,4eba45f0e315,validation
scenario_1_e_b.j2,S1,Video Server Exploit,28,46,T1033,T1033,0,System Owner/User Discovery,Discovery,Discovery,28,T1053,0,4eba45f0e315,validation
scenario_1_e_b.j2,S1,Video Server Exploit,29,46,T1053,T1053,0,Scheduled Task/Job,Execution,Persistence,4,T1053,0,4eba45f0e315,validation
scenario_1_e_b.j2,S1,Video Server Exploit,30,46,T1053,T1053,0,Scheduled Task/Job,Execution,Persistence,4,T1059,0,4eba45f0e315,validation
scenario_1_e_b.j2,S1,Video Server Exploit,31,46,T1059,T1059,0,Command and Scripting Interpreter,Execution,Execution,2,T1059,0,4eba45f0e315,validation
scenario_1_e_b.j2,S1,Video Server Exploit,32,46,T1059,T1059,0,Command and Scripting Interpreter,Execution,Execution,2,T1059,0,4eba45f0e315,validation
scenario_1_e_b.j2,S1,Video Server Exploit,33,46,T1059,T1059,0,Command and Scripting Interpreter,Execution,Execution,2,T1059,0,4eba45f0e315,validation
scenario_1_e_b.j2,S1,Video Server Exploit,34,46,T1059,T1059,0,Command and Scripting Interpreter,Execution,Execution,2,T1033,0,4eba45f0e315,validation
scenario_1_e_b.j2,S1,Video Server Exploit,35,46,T1033,T1033,0,System Owner/User Discovery,Discovery,Discovery,28,T1105,0,4eba45f0e315,validation
scenario_1_e_b.j2,S1,Video Server Exploit,36,46,T1105,T1105,0,Ingress Tool Transfer,Command and Control,Command and Control,43,T1136,0,4eba45f0e315,validation
scenario_1_e_b.j2,S1,Video Server Exploit,37,46,T1136.001,T1136,1,Create Account,Persistence,Persistence,49,T1033,0,4eba45f0e315,validation
scenario_1_e_b.j2,S1,Video Server Exploit,38,46,T1033,T1033,0,System Owner/User Discovery,Discovery,Discovery,28,T1070,0,4eba45f0e315,validation
scenario_1_e_b.j2,S1,Video Server Exploit,39,46,T1070.004,T1070,1,Indicator Removal,Defense Evasion,Defense Evasion,34,T1033,0,4eba45f0e315,validation
scenario_1_e_b.j2,S1,Video Server Exploit,40,46,T1033,T1033,0,System Owner/User Discovery,Discovery,Discovery,28,T1003,0,4eba45f0e315,validation
scenario_1_e_b.j2,S1,Video Server Exploit,41,46,T1003.008,T1003,1,OS Credential Dumping,Credential Access,Credential Access,23,T1120,0,4eba45f0e315,validation
scenario_1_e_b.j2,S1,Video Server Exploit,42,46,T1120,T1120,0,Peripheral Device Discovery,Discovery,Discovery,46,T1120,0,4eba45f0e315,validation
scenario_1_e_b.j2,S1,Video Server Exploit,43,46,T1120,T1120,0,Peripheral Device Discovery,Discovery,Discovery,46,T1124,0,4eba45f0e315,validation
scenario_1_e_b.j2,S1,Video Server Exploit,44,46,T1124,T1124,0,System Time Discovery,Discovery,Discovery,47,T1497,0,4eba45f0e315,validation
scenario_1_e_b.j2,S1,Video Server Exploit,45,46,T1497.001,T1497,1,Virtualization/Sandbox Evasion,Defense Evasion,Defense Evasion,59,,1,4eba45f0e315,validation
scenario_1_e_c.j2,S1,Video Server Exploit,0,46,T1590.002,T1590,1,Gather Victim Network Information,Reconnaissance,Reconnaissance,72,T1591,0,a398dbd2671c,validation
scenario_1_e_c.j2,S1,Video Server Exploit,1,46,T1591,T1591,0,Gather Victim Org Information,Reconnaissance,Reconnaissance,73,T1595,0,a398dbd2671c,validation
scenario_1_e_c.j2,S1,Video Server Exploit,2,46,T1595,T1595,0,Active Scanning,Reconnaissance,Reconnaissance,75,T1592,0,a398dbd2671c,validation
scenario_1_e_c.j2,S1,Video Server Exploit,3,46,T1592.002,T1592,1,Gather Victim Host Information,Reconnaissance,Reconnaissance,74,T1595,0,a398dbd2671c,validation
scenario_1_e_c.j2,S1,Video Server Exploit,4,46,T1595.002,T1595,1,Active Scanning,Reconnaissance,Reconnaissance,75,T1595,0,a398dbd2671c,validation
scenario_1_e_c.j2,S1,Video Server Exploit,5,46,T1595.003,T1595,1,Active Scanning,Reconnaissance,Reconnaissance,75,T1190,0,a398dbd2671c,validation
scenario_1_e_c.j2,S1,Video Server Exploit,6,46,T1190,T1190,0,Exploit Public-Facing Application,Initial Access,Initial Access,0,T1059,0,a398dbd2671c,validation
scenario_1_e_c.j2,S1,Video Server Exploit,7,46,T1059.006,T1059,1,Command and Scripting Interpreter,Initial Access,Execution,2,T1105,0,a398dbd2671c,validation
scenario_1_e_c.j2,S1,Video Server Exploit,8,46,T1105,T1105,0,Ingress Tool Transfer,Command and Control,Command and Control,43,T1059,0,a398dbd2671c,validation
scenario_1_e_c.j2,S1,Video Server Exploit,9,46,T1059,T1059,0,Command and Scripting Interpreter,Execution,Execution,2,T1059,0,a398dbd2671c,validation
scenario_1_e_c.j2,S1,Video Server Exploit,10,46,T1059,T1059,0,Command and Scripting Interpreter,Execution,Execution,2,T1059,0,a398dbd2671c,validation
scenario_1_e_c.j2,S1,Video Server Exploit,11,46,T1059,T1059,0,Command and Scripting Interpreter,Execution,Execution,2,T1059,0,a398dbd2671c,validation
scenario_1_e_c.j2,S1,Video Server Exploit,12,46,T1059,T1059,0,Command and Scripting Interpreter,Execution,Execution,2,T1059,0,a398dbd2671c,validation
scenario_1_e_c.j2,S1,Video Server Exploit,13,46,T1059,T1059,0,Command and Scripting Interpreter,Execution,Execution,2,T1059,0,a398dbd2671c,validation
scenario_1_e_c.j2,S1,Video Server Exploit,14,46,T1059,T1059,0,Command and Scripting Interpreter,Execution,Execution,2,T1087,0,a398dbd2671c,validation
scenario_1_e_c.j2,S1,Video Server Exploit,15,46,T1087,T1087,0,Account Discovery,Discovery,Discovery,40,T1083,0,a398dbd2671c,validation
scenario_1_e_c.j2,S1,Video Server Exploit,16,46,T1083,T1083,0,File and Directory Discovery,Discovery,Discovery,11,T1201,0,a398dbd2671c,validation
scenario_1_e_c.j2,S1,Video Server Exploit,17,46,T1201,T1201,0,Password Policy Discovery,Discovery,Discovery,51,T1069,0,a398dbd2671c,validation
scenario_1_e_c.j2,S1,Video Server Exploit,18,46,T1069,T1069,0,Permission Groups Discovery,Discovery,Discovery,78,T1057,0,a398dbd2671c,validation
scenario_1_e_c.j2,S1,Video Server Exploit,19,46,T1057,T1057,0,Process Discovery,Discovery,Discovery,33,T1518,0,a398dbd2671c,validation
scenario_1_e_c.j2,S1,Video Server Exploit,20,46,T1518,T1518,0,Software Discovery,Discovery,Discovery,80,T1082,0,a398dbd2671c,validation
scenario_1_e_c.j2,S1,Video Server Exploit,21,46,T1082,T1082,0,System Information Discovery,Discovery,Discovery,39,T1614,0,a398dbd2671c,validation
scenario_1_e_c.j2,S1,Video Server Exploit,22,46,T1614,T1614,0,System Location Discovery,Discovery,Discovery,82,T1016,0,a398dbd2671c,validation
scenario_1_e_c.j2,S1,Video Server Exploit,23,46,T1016,T1016,0,System Network Configuration Discovery,Discovery,Discovery,10,T1049,0,a398dbd2671c,validation
scenario_1_e_c.j2,S1,Video Server Exploit,24,46,T1049,T1049,0,System Network Connections Discovery,Discovery,Discovery,31,T1033,0,a398dbd2671c,validation
scenario_1_e_c.j2,S1,Video Server Exploit,25,46,T1033,T1033,0,System Owner/User Discovery,Discovery,Discovery,28,T1007,0,a398dbd2671c,validation
scenario_1_e_c.j2,S1,Video Server Exploit,26,46,T1007,T1007,0,System Service Discovery,Discovery,Discovery,24,T1615,0,a398dbd2671c,validation
scenario_1_e_c.j2,S1,Video Server Exploit,27,46,T1615,T1615,0,Group Policy Discovery,Discovery,Discovery,83,T1033,0,a398dbd2671c,validation
scenario_1_e_c.j2,S1,Video Server Exploit,28,46,T1033,T1033,0,System Owner/User Discovery,Discovery,Discovery,28,T1053,0,a398dbd2671c,validation
scenario_1_e_c.j2,S1,Video Server Exploit,29,46,T1053,T1053,0,Scheduled Task/Job,Execution,Persistence,4,T1053,0,a398dbd2671c,validation
scenario_1_e_c.j2,S1,Video Server Exploit,30,46,T1053,T1053,0,Scheduled Task/Job,Execution,Persistence,4,T1059,0,a398dbd2671c,validation
scenario_1_e_c.j2,S1,Video Server Exploit,31,46,T1059,T1059,0,Command and Scripting Interpreter,Execution,Execution,2,T1059,0,a398dbd2671c,validation
scenario_1_e_c.j2,S1,Video Server Exploit,32,46,T1059,T1059,0,Command and Scripting Interpreter,Execution,Execution,2,T1059,0,a398dbd2671c,validation
scenario_1_e_c.j2,S1,Video Server Exploit,33,46,T1059,T1059,0,Command and Scripting Interpreter,Execution,Execution,2,T1059,0,a398dbd2671c,validation
scenario_1_e_c.j2,S1,Video Server Exploit,34,46,T1059,T1059,0,Command and Scripting Interpreter,Execution,Execution,2,T1033,0,a398dbd2671c,validation
scenario_1_e_c.j2,S1,Video Server Exploit,35,46,T1033,T1033,0,System Owner/User Discovery,Discovery,Discovery,28,T1105,0,a398dbd2671c,validation
scenario_1_e_c.j2,S1,Video Server Exploit,36,46,T1105,T1105,0,Ingress Tool Transfer,Command and Control,Command and Control,43,T1556,0,a398dbd2671c,validation
scenario_1_e_c.j2,S1,Video Server Exploit,37,46,T1556.003,T1556,1,Modify Authentication Process,Persistence,Credential Access,65,T1033,0,a398dbd2671c,validation
scenario_1_e_c.j2,S1,Video Server Exploit,38,46,T1033,T1033,0,System Owner/User Discovery,Discovery,Discovery,28,T1070,0,a398dbd2671c,validation
scenario_1_e_c.j2,S1,Video Server Exploit,39,46,T1070.004,T1070,1,Indicator Removal,Defense Evasion,Defense Evasion,34,T1033,0,a398dbd2671c,validation
scenario_1_e_c.j2,S1,Video Server Exploit,40,46,T1033,T1033,0,System Owner/User Discovery,Discovery,Discovery,28,T1003,0,a398dbd2671c,validation
scenario_1_e_c.j2,S1,Video Server Exploit,41,46,T1003.008,T1003,1,OS Credential Dumping,Credential Access,Credential Access,23,T1120,0,a398dbd2671c,validation
scenario_1_e_c.j2,S1,Video Server Exploit,42,46,T1120,T1120,0,Peripheral Device Discovery,Discovery,Discovery,46,T1120,0,a398dbd2671c,validation
scenario_1_e_c.j2,S1,Video Server Exploit,43,46,T1120,T1120,0,Peripheral Device Discovery,Discovery,Discovery,46,T1124,0,a398dbd2671c,validation
scenario_1_e_c.j2,S1,Video Server Exploit,44,46,T1124,T1124,0,System Time Discovery,Discovery,Discovery,47,T1497,0,a398dbd2671c,validation
scenario_1_e_c.j2,S1,Video Server Exploit,45,46,T1497.001,T1497,1,Virtualization/Sandbox Evasion,Defense Evasion,Defense Evasion,59,,1,a398dbd2671c,validation
scenario_1_f_a.j2,S1,Video Server Exploit,0,44,T1590.002,T1590,1,Gather Victim Network Information,Reconnaissance,Reconnaissance,72,T1591,0,c898ff609021,train
scenario_1_f_a.j2,S1,Video Server Exploit,1,44,T1591,T1591,0,Gather Victim Org Information,Reconnaissance,Reconnaissance,73,T1595,0,c898ff609021,train
scenario_1_f_a.j2,S1,Video Server Exploit,2,44,T1595,T1595,0,Active Scanning,Reconnaissance,Reconnaissance,75,T1592,0,c898ff609021,train
scenario_1_f_a.j2,S1,Video Server Exploit,3,44,T1592.002,T1592,1,Gather Victim Host Information,Reconnaissance,Reconnaissance,74,T1595,0,c898ff609021,train
scenario_1_f_a.j2,S1,Video Server Exploit,4,44,T1595.002,T1595,1,Active Scanning,Reconnaissance,Reconnaissance,75,T1595,0,c898ff609021,train
scenario_1_f_a.j2,S1,Video Server Exploit,5,44,T1595.003,T1595,1,Active Scanning,Reconnaissance,Reconnaissance,75,T1190,0,c898ff609021,train
scenario_1_f_a.j2,S1,Video Server Exploit,6,44,T1190,T1190,0,Exploit Public-Facing Application,Initial Access,Initial Access,0,T1059,0,c898ff609021,train
scenario_1_f_a.j2,S1,Video Server Exploit,7,44,T1059.006,T1059,1,Command and Scripting Interpreter,Initial Access,Execution,2,T1105,0,c898ff609021,train
scenario_1_f_a.j2,S1,Video Server Exploit,8,44,T1105,T1105,0,Ingress Tool Transfer,Command and Control,Command and Control,43,T1059,0,c898ff609021,train
scenario_1_f_a.j2,S1,Video Server Exploit,9,44,T1059,T1059,0,Command and Scripting Interpreter,Execution,Execution,2,T1059,0,c898ff609021,train
scenario_1_f_a.j2,S1,Video Server Exploit,10,44,T1059,T1059,0,Command and Scripting Interpreter,Execution,Execution,2,T1059,0,c898ff609021,train
scenario_1_f_a.j2,S1,Video Server Exploit,11,44,T1059,T1059,0,Command and Scripting Interpreter,Execution,Execution,2,T1059,0,c898ff609021,train
scenario_1_f_a.j2,S1,Video Server Exploit,12,44,T1059,T1059,0,Command and Scripting Interpreter,Execution,Execution,2,T1059,0,c898ff609021,train
scenario_1_f_a.j2,S1,Video Server Exploit,13,44,T1059,T1059,0,Command and Scripting Interpreter,Execution,Execution,2,T1059,0,c898ff609021,train
scenario_1_f_a.j2,S1,Video Server Exploit,14,44,T1059,T1059,0,Command and Scripting Interpreter,Execution,Execution,2,T1087,0,c898ff609021,train
scenario_1_f_a.j2,S1,Video Server Exploit,15,44,T1087,T1087,0,Account Discovery,Discovery,Discovery,40,T1083,0,c898ff609021,train
scenario_1_f_a.j2,S1,Video Server Exploit,16,44,T1083,T1083,0,File and Directory Discovery,Discovery,Discovery,11,T1201,0,c898ff609021,train
scenario_1_f_a.j2,S1,Video Server Exploit,17,44,T1201,T1201,0,Password Policy Discovery,Discovery,Discovery,51,T1069,0,c898ff609021,train
scenario_1_f_a.j2,S1,Video Server Exploit,18,44,T1069,T1069,0,Permission Groups Discovery,Discovery,Discovery,78,T1057,0,c898ff609021,train
scenario_1_f_a.j2,S1,Video Server Exploit,19,44,T1057,T1057,0,Process Discovery,Discovery,Discovery,33,T1518,0,c898ff609021,train
scenario_1_f_a.j2,S1,Video Server Exploit,20,44,T1518,T1518,0,Software Discovery,Discovery,Discovery,80,T1082,0,c898ff609021,train
scenario_1_f_a.j2,S1,Video Server Exploit,21,44,T1082,T1082,0,System Information Discovery,Discovery,Discovery,39,T1614,0,c898ff609021,train
scenario_1_f_a.j2,S1,Video Server Exploit,22,44,T1614,T1614,0,System Location Discovery,Discovery,Discovery,82,T1016,0,c898ff609021,train
scenario_1_f_a.j2,S1,Video Server Exploit,23,44,T1016,T1016,0,System Network Configuration Discovery,Discovery,Discovery,10,T1049,0,c898ff609021,train
scenario_1_f_a.j2,S1,Video Server Exploit,24,44,T1049,T1049,0,System Network Connections Discovery,Discovery,Discovery,31,T1033,0,c898ff609021,train
scenario_1_f_a.j2,S1,Video Server Exploit,25,44,T1033,T1033,0,System Owner/User Discovery,Discovery,Discovery,28,T1007,0,c898ff609021,train
scenario_1_f_a.j2,S1,Video Server Exploit,26,44,T1007,T1007,0,System Service Discovery,Discovery,Discovery,24,T1615,0,c898ff609021,train
scenario_1_f_a.j2,S1,Video Server Exploit,27,44,T1615,T1615,0,Group Policy Discovery,Discovery,Discovery,83,T1033,0,c898ff609021,train
scenario_1_f_a.j2,S1,Video Server Exploit,28,44,T1033,T1033,0,System Owner/User Discovery,Discovery,Discovery,28,T1078,0,c898ff609021,train
scenario_1_f_a.j2,S1,Video Server Exploit,29,44,T1078.003,T1078,1,Valid Accounts,Defense Evasion,Initial Access,37,T1078,0,c898ff609021,train
scenario_1_f_a.j2,S1,Video Server Exploit,30,44,T1078.003,T1078,1,Valid Accounts,Defense Evasion,Initial Access,37,T1033,0,c898ff609021,train
scenario_1_f_a.j2,S1,Video Server Exploit,31,44,T1033,T1033,0,System Owner/User Discovery,Discovery,Discovery,28,T1105,0,c898ff609021,train
scenario_1_f_a.j2,S1,Video Server Exploit,32,44,T1105,T1105,0,Ingress Tool Transfer,Command and Control,Command and Control,43,T1098,0,c898ff609021,train
scenario_1_f_a.j2,S1,Video Server Exploit,33,44,T1098.004,T1098,1,Account Manipulation,Persistence,Persistence,42,T1218,0,c898ff609021,train
scenario_1_f_a.j2,S1,Video Server Exploit,34,44,T1218,T1218,0,System Binary Proxy Execution,Defense Evasion,Defense Evasion,79,T1098,0,c898ff609021,train
scenario_1_f_a.j2,S1,Video Server Exploit,35,44,T1098.004,T1098,1,Account Manipulation,Persistence,Persistence,42,T1070,0,c898ff609021,train
scenario_1_f_a.j2,S1,Video Server Exploit,36,44,T1070.004,T1070,1,Indicator Removal,Defense Evasion,Defense Evasion,34,T1070,0,c898ff609021,train
scenario_1_f_a.j2,S1,Video Server Exploit,37,44,T1070.004,T1070,1,Indicator Removal,Defense Evasion,Defense Evasion,34,T1033,0,c898ff609021,train
scenario_1_f_a.j2,S1,Video Server Exploit,38,44,T1033,T1033,0,System Owner/User Discovery,Discovery,Discovery,28,T1003,0,c898ff609021,train
scenario_1_f_a.j2,S1,Video Server Exploit,39,44,T1003.008,T1003,1,OS Credential Dumping,Credential Access,Credential Access,23,T1120,0,c898ff609021,train
scenario_1_f_a.j2,S1,Video Server Exploit,40,44,T1120,T1120,0,Peripheral Device Discovery,Discovery,Discovery,46,T1120,0,c898ff609021,train
scenario_1_f_a.j2,S1,Video Server Exploit,41,44,T1120,T1120,0,Peripheral Device Discovery,Discovery,Discovery,46,T1124,0,c898ff609021,train
scenario_1_f_a.j2,S1,Video Server Exploit,42,44,T1124,T1124,0,System Time Discovery,Discovery,Discovery,47,T1497,0,c898ff609021,train
scenario_1_f_a.j2,S1,Video Server Exploit,43,44,T1497.001,T1497,1,Virtualization/Sandbox Evasion,Defense Evasion,Defense Evasion,59,,1,c898ff609021,train
scenario_1_f_b.j2,S1,Video Server Exploit,0,44,T1590.002,T1590,1,Gather Victim Network Information,Reconnaissance,Reconnaissance,72,T1591,0,d2d2de0e2802,train
scenario_1_f_b.j2,S1,Video Server Exploit,1,44,T1591,T1591,0,Gather Victim Org Information,Reconnaissance,Reconnaissance,73,T1595,0,d2d2de0e2802,train
scenario_1_f_b.j2,S1,Video Server Exploit,2,44,T1595,T1595,0,Active Scanning,Reconnaissance,Reconnaissance,75,T1592,0,d2d2de0e2802,train
scenario_1_f_b.j2,S1,Video Server Exploit,3,44,T1592.002,T1592,1,Gather Victim Host Information,Reconnaissance,Reconnaissance,74,T1595,0,d2d2de0e2802,train
scenario_1_f_b.j2,S1,Video Server Exploit,4,44,T1595.002,T1595,1,Active Scanning,Reconnaissance,Reconnaissance,75,T1595,0,d2d2de0e2802,train
scenario_1_f_b.j2,S1,Video Server Exploit,5,44,T1595.003,T1595,1,Active Scanning,Reconnaissance,Reconnaissance,75,T1190,0,d2d2de0e2802,train
scenario_1_f_b.j2,S1,Video Server Exploit,6,44,T1190,T1190,0,Exploit Public-Facing Application,Initial Access,Initial Access,0,T1059,0,d2d2de0e2802,train
scenario_1_f_b.j2,S1,Video Server Exploit,7,44,T1059.006,T1059,1,Command and Scripting Interpreter,Initial Access,Execution,2,T1105,0,d2d2de0e2802,train
scenario_1_f_b.j2,S1,Video Server Exploit,8,44,T1105,T1105,0,Ingress Tool Transfer,Command and Control,Command and Control,43,T1059,0,d2d2de0e2802,train
scenario_1_f_b.j2,S1,Video Server Exploit,9,44,T1059,T1059,0,Command and Scripting Interpreter,Execution,Execution,2,T1059,0,d2d2de0e2802,train
scenario_1_f_b.j2,S1,Video Server Exploit,10,44,T1059,T1059,0,Command and Scripting Interpreter,Execution,Execution,2,T1059,0,d2d2de0e2802,train
scenario_1_f_b.j2,S1,Video Server Exploit,11,44,T1059,T1059,0,Command and Scripting Interpreter,Execution,Execution,2,T1059,0,d2d2de0e2802,train
scenario_1_f_b.j2,S1,Video Server Exploit,12,44,T1059,T1059,0,Command and Scripting Interpreter,Execution,Execution,2,T1059,0,d2d2de0e2802,train
scenario_1_f_b.j2,S1,Video Server Exploit,13,44,T1059,T1059,0,Command and Scripting Interpreter,Execution,Execution,2,T1059,0,d2d2de0e2802,train
scenario_1_f_b.j2,S1,Video Server Exploit,14,44,T1059,T1059,0,Command and Scripting Interpreter,Execution,Execution,2,T1087,0,d2d2de0e2802,train
scenario_1_f_b.j2,S1,Video Server Exploit,15,44,T1087,T1087,0,Account Discovery,Discovery,Discovery,40,T1083,0,d2d2de0e2802,train
scenario_1_f_b.j2,S1,Video Server Exploit,16,44,T1083,T1083,0,File and Directory Discovery,Discovery,Discovery,11,T1201,0,d2d2de0e2802,train
scenario_1_f_b.j2,S1,Video Server Exploit,17,44,T1201,T1201,0,Password Policy Discovery,Discovery,Discovery,51,T1069,0,d2d2de0e2802,train
scenario_1_f_b.j2,S1,Video Server Exploit,18,44,T1069,T1069,0,Permission Groups Discovery,Discovery,Discovery,78,T1057,0,d2d2de0e2802,train
scenario_1_f_b.j2,S1,Video Server Exploit,19,44,T1057,T1057,0,Process Discovery,Discovery,Discovery,33,T1518,0,d2d2de0e2802,train
scenario_1_f_b.j2,S1,Video Server Exploit,20,44,T1518,T1518,0,Software Discovery,Discovery,Discovery,80,T1082,0,d2d2de0e2802,train
scenario_1_f_b.j2,S1,Video Server Exploit,21,44,T1082,T1082,0,System Information Discovery,Discovery,Discovery,39,T1614,0,d2d2de0e2802,train
scenario_1_f_b.j2,S1,Video Server Exploit,22,44,T1614,T1614,0,System Location Discovery,Discovery,Discovery,82,T1016,0,d2d2de0e2802,train
scenario_1_f_b.j2,S1,Video Server Exploit,23,44,T1016,T1016,0,System Network Configuration Discovery,Discovery,Discovery,10,T1049,0,d2d2de0e2802,train
scenario_1_f_b.j2,S1,Video Server Exploit,24,44,T1049,T1049,0,System Network Connections Discovery,Discovery,Discovery,31,T1033,0,d2d2de0e2802,train
scenario_1_f_b.j2,S1,Video Server Exploit,25,44,T1033,T1033,0,System Owner/User Discovery,Discovery,Discovery,28,T1007,0,d2d2de0e2802,train
scenario_1_f_b.j2,S1,Video Server Exploit,26,44,T1007,T1007,0,System Service Discovery,Discovery,Discovery,24,T1615,0,d2d2de0e2802,train
scenario_1_f_b.j2,S1,Video Server Exploit,27,44,T1615,T1615,0,Group Policy Discovery,Discovery,Discovery,83,T1033,0,d2d2de0e2802,train
scenario_1_f_b.j2,S1,Video Server Exploit,28,44,T1033,T1033,0,System Owner/User Discovery,Discovery,Discovery,28,T1078,0,d2d2de0e2802,train
scenario_1_f_b.j2,S1,Video Server Exploit,29,44,T1078.003,T1078,1,Valid Accounts,Defense Evasion,Initial Access,37,T1078,0,d2d2de0e2802,train
scenario_1_f_b.j2,S1,Video Server Exploit,30,44,T1078.003,T1078,1,Valid Accounts,Defense Evasion,Initial Access,37,T1033,0,d2d2de0e2802,train
scenario_1_f_b.j2,S1,Video Server Exploit,31,44,T1033,T1033,0,System Owner/User Discovery,Discovery,Discovery,28,T1105,0,d2d2de0e2802,train
scenario_1_f_b.j2,S1,Video Server Exploit,32,44,T1105,T1105,0,Ingress Tool Transfer,Command and Control,Command and Control,43,T1136,0,d2d2de0e2802,train
scenario_1_f_b.j2,S1,Video Server Exploit,33,44,T1136.001,T1136,1,Create Account,Persistence,Persistence,49,T1218,0,d2d2de0e2802,train
scenario_1_f_b.j2,S1,Video Server Exploit,34,44,T1218,T1218,0,System Binary Proxy Execution,Defense Evasion,Defense Evasion,79,T1136,0,d2d2de0e2802,train
scenario_1_f_b.j2,S1,Video Server Exploit,35,44,T1136.001,T1136,1,Create Account,Persistence,Persistence,49,T1070,0,d2d2de0e2802,train
scenario_1_f_b.j2,S1,Video Server Exploit,36,44,T1070.004,T1070,1,Indicator Removal,Defense Evasion,Defense Evasion,34,T1070,0,d2d2de0e2802,train
scenario_1_f_b.j2,S1,Video Server Exploit,37,44,T1070.004,T1070,1,Indicator Removal,Defense Evasion,Defense Evasion,34,T1033,0,d2d2de0e2802,train
scenario_1_f_b.j2,S1,Video Server Exploit,38,44,T1033,T1033,0,System Owner/User Discovery,Discovery,Discovery,28,T1003,0,d2d2de0e2802,train
scenario_1_f_b.j2,S1,Video Server Exploit,39,44,T1003.008,T1003,1,OS Credential Dumping,Credential Access,Credential Access,23,T1120,0,d2d2de0e2802,train
scenario_1_f_b.j2,S1,Video Server Exploit,40,44,T1120,T1120,0,Peripheral Device Discovery,Discovery,Discovery,46,T1120,0,d2d2de0e2802,train
scenario_1_f_b.j2,S1,Video Server Exploit,41,44,T1120,T1120,0,Peripheral Device Discovery,Discovery,Discovery,46,T1124,0,d2d2de0e2802,train
scenario_1_f_b.j2,S1,Video Server Exploit,42,44,T1124,T1124,0,System Time Discovery,Discovery,Discovery,47,T1497,0,d2d2de0e2802,train
scenario_1_f_b.j2,S1,Video Server Exploit,43,44,T1497.001,T1497,1,Virtualization/Sandbox Evasion,Defense Evasion,Defense Evasion,59,,1,d2d2de0e2802,train
scenario_1_f_c.j2,S1,Video Server Exploit,0,44,T1590.002,T1590,1,Gather Victim Network Information,Reconnaissance,Reconnaissance,72,T1591,0,3a0e4e92c097,train
scenario_1_f_c.j2,S1,Video Server Exploit,1,44,T1591,T1591,0,Gather Victim Org Information,Reconnaissance,Reconnaissance,73,T1595,0,3a0e4e92c097,train
scenario_1_f_c.j2,S1,Video Server Exploit,2,44,T1595,T1595,0,Active Scanning,Reconnaissance,Reconnaissance,75,T1592,0,3a0e4e92c097,train
scenario_1_f_c.j2,S1,Video Server Exploit,3,44,T1592.002,T1592,1,Gather Victim Host Information,Reconnaissance,Reconnaissance,74,T1595,0,3a0e4e92c097,train
scenario_1_f_c.j2,S1,Video Server Exploit,4,44,T1595.002,T1595,1,Active Scanning,Reconnaissance,Reconnaissance,75,T1595,0,3a0e4e92c097,train
scenario_1_f_c.j2,S1,Video Server Exploit,5,44,T1595.003,T1595,1,Active Scanning,Reconnaissance,Reconnaissance,75,T1190,0,3a0e4e92c097,train
scenario_1_f_c.j2,S1,Video Server Exploit,6,44,T1190,T1190,0,Exploit Public-Facing Application,Initial Access,Initial Access,0,T1059,0,3a0e4e92c097,train
scenario_1_f_c.j2,S1,Video Server Exploit,7,44,T1059.006,T1059,1,Command and Scripting Interpreter,Initial Access,Execution,2,T1105,0,3a0e4e92c097,train
scenario_1_f_c.j2,S1,Video Server Exploit,8,44,T1105,T1105,0,Ingress Tool Transfer,Command and Control,Command and Control,43,T1059,0,3a0e4e92c097,train
scenario_1_f_c.j2,S1,Video Server Exploit,9,44,T1059,T1059,0,Command and Scripting Interpreter,Execution,Execution,2,T1059,0,3a0e4e92c097,train
scenario_1_f_c.j2,S1,Video Server Exploit,10,44,T1059,T1059,0,Command and Scripting Interpreter,Execution,Execution,2,T1059,0,3a0e4e92c097,train
scenario_1_f_c.j2,S1,Video Server Exploit,11,44,T1059,T1059,0,Command and Scripting Interpreter,Execution,Execution,2,T1059,0,3a0e4e92c097,train
scenario_1_f_c.j2,S1,Video Server Exploit,12,44,T1059,T1059,0,Command and Scripting Interpreter,Execution,Execution,2,T1059,0,3a0e4e92c097,train
scenario_1_f_c.j2,S1,Video Server Exploit,13,44,T1059,T1059,0,Command and Scripting Interpreter,Execution,Execution,2,T1059,0,3a0e4e92c097,train
scenario_1_f_c.j2,S1,Video Server Exploit,14,44,T1059,T1059,0,Command and Scripting Interpreter,Execution,Execution,2,T1087,0,3a0e4e92c097,train
scenario_1_f_c.j2,S1,Video Server Exploit,15,44,T1087,T1087,0,Account Discovery,Discovery,Discovery,40,T1083,0,3a0e4e92c097,train
scenario_1_f_c.j2,S1,Video Server Exploit,16,44,T1083,T1083,0,File and Directory Discovery,Discovery,Discovery,11,T1201,0,3a0e4e92c097,train
scenario_1_f_c.j2,S1,Video Server Exploit,17,44,T1201,T1201,0,Password Policy Discovery,Discovery,Discovery,51,T1069,0,3a0e4e92c097,train
scenario_1_f_c.j2,S1,Video Server Exploit,18,44,T1069,T1069,0,Permission Groups Discovery,Discovery,Discovery,78,T1057,0,3a0e4e92c097,train
scenario_1_f_c.j2,S1,Video Server Exploit,19,44,T1057,T1057,0,Process Discovery,Discovery,Discovery,33,T1518,0,3a0e4e92c097,train
scenario_1_f_c.j2,S1,Video Server Exploit,20,44,T1518,T1518,0,Software Discovery,Discovery,Discovery,80,T1082,0,3a0e4e92c097,train
scenario_1_f_c.j2,S1,Video Server Exploit,21,44,T1082,T1082,0,System Information Discovery,Discovery,Discovery,39,T1614,0,3a0e4e92c097,train
scenario_1_f_c.j2,S1,Video Server Exploit,22,44,T1614,T1614,0,System Location Discovery,Discovery,Discovery,82,T1016,0,3a0e4e92c097,train
scenario_1_f_c.j2,S1,Video Server Exploit,23,44,T1016,T1016,0,System Network Configuration Discovery,Discovery,Discovery,10,T1049,0,3a0e4e92c097,train
scenario_1_f_c.j2,S1,Video Server Exploit,24,44,T1049,T1049,0,System Network Connections Discovery,Discovery,Discovery,31,T1033,0,3a0e4e92c097,train
scenario_1_f_c.j2,S1,Video Server Exploit,25,44,T1033,T1033,0,System Owner/User Discovery,Discovery,Discovery,28,T1007,0,3a0e4e92c097,train
scenario_1_f_c.j2,S1,Video Server Exploit,26,44,T1007,T1007,0,System Service Discovery,Discovery,Discovery,24,T1615,0,3a0e4e92c097,train
scenario_1_f_c.j2,S1,Video Server Exploit,27,44,T1615,T1615,0,Group Policy Discovery,Discovery,Discovery,83,T1033,0,3a0e4e92c097,train
scenario_1_f_c.j2,S1,Video Server Exploit,28,44,T1033,T1033,0,System Owner/User Discovery,Discovery,Discovery,28,T1078,0,3a0e4e92c097,train
scenario_1_f_c.j2,S1,Video Server Exploit,29,44,T1078.003,T1078,1,Valid Accounts,Defense Evasion,Initial Access,37,T1078,0,3a0e4e92c097,train
scenario_1_f_c.j2,S1,Video Server Exploit,30,44,T1078.003,T1078,1,Valid Accounts,Defense Evasion,Initial Access,37,T1033,0,3a0e4e92c097,train
scenario_1_f_c.j2,S1,Video Server Exploit,31,44,T1033,T1033,0,System Owner/User Discovery,Discovery,Discovery,28,T1105,0,3a0e4e92c097,train
scenario_1_f_c.j2,S1,Video Server Exploit,32,44,T1105,T1105,0,Ingress Tool Transfer,Command and Control,Command and Control,43,T1556,0,3a0e4e92c097,train
scenario_1_f_c.j2,S1,Video Server Exploit,33,44,T1556.003,T1556,1,Modify Authentication Process,Persistence,Credential Access,65,T1218,0,3a0e4e92c097,train
scenario_1_f_c.j2,S1,Video Server Exploit,34,44,T1218,T1218,0,System Binary Proxy Execution,Defense Evasion,Defense Evasion,79,T1556,0,3a0e4e92c097,train
scenario_1_f_c.j2,S1,Video Server Exploit,35,44,T1556.003,T1556,1,Modify Authentication Process,Persistence,Credential Access,65,T1070,0,3a0e4e92c097,train
scenario_1_f_c.j2,S1,Video Server Exploit,36,44,T1070.004,T1070,1,Indicator Removal,Defense Evasion,Defense Evasion,34,T1070,0,3a0e4e92c097,train
scenario_1_f_c.j2,S1,Video Server Exploit,37,44,T1070.004,T1070,1,Indicator Removal,Defense Evasion,Defense Evasion,34,T1033,0,3a0e4e92c097,train
scenario_1_f_c.j2,S1,Video Server Exploit,38,44,T1033,T1033,0,System Owner/User Discovery,Discovery,Discovery,28,T1003,0,3a0e4e92c097,train
scenario_1_f_c.j2,S1,Video Server Exploit,39,44,T1003.008,T1003,1,OS Credential Dumping,Credential Access,Credential Access,23,T1120,0,3a0e4e92c097,train
scenario_1_f_c.j2,S1,Video Server Exploit,40,44,T1120,T1120,0,Peripheral Device Discovery,Discovery,Discovery,46,T1120,0,3a0e4e92c097,train
scenario_1_f_c.j2,S1,Video Server Exploit,41,44,T1120,T1120,0,Peripheral Device Discovery,Discovery,Discovery,46,T1124,0,3a0e4e92c097,train
scenario_1_f_c.j2,S1,Video Server Exploit,42,44,T1124,T1124,0,System Time Discovery,Discovery,Discovery,47,T1497,0,3a0e4e92c097,train
scenario_1_f_c.j2,S1,Video Server Exploit,43,44,T1497.001,T1497,1,Virtualization/Sandbox Evasion,Defense Evasion,Defense Evasion,59,,1,3a0e4e92c097,train
scenario_2_a_a.j2,S2,Linux Malware,0,29,T1021.004,T1021,1,Remote Services,Lateral Movement,Lateral Movement,12,T1071,0,6901ce9ca6b6,train
scenario_2_a_a.j2,S2,Linux Malware,1,29,T1071.001,T1071,1,Application Layer Protocol,Command and Control,Command and Control,35,T1573,0,6901ce9ca6b6,train
scenario_2_a_a.j2,S2,Linux Malware,2,29,T1573.001,T1573,1,Encrypted Channel,Command and Control,Command and Control,70,T1105,0,6901ce9ca6b6,train
scenario_2_a_a.j2,S2,Linux Malware,3,29,T1105,T1105,0,Ingress Tool Transfer,Command and Control,Command and Control,43,T1547,0,6901ce9ca6b6,train
scenario_2_a_a.j2,S2,Linux Malware,4,29,T1547,T1547,0,Boot or Logon Autostart Execution,Persistence,Persistence,6,T1569,0,6901ce9ca6b6,train
scenario_2_a_a.j2,S2,Linux Malware,5,29,T1569,T1569,0,System Services,Execution,Execution,69,T1083,0,6901ce9ca6b6,train
scenario_2_a_a.j2,S2,Linux Malware,6,29,T1083,T1083,0,File and Directory Discovery,Discovery,Discovery,11,T1057,0,6901ce9ca6b6,train
scenario_2_a_a.j2,S2,Linux Malware,7,29,T1057,T1057,0,Process Discovery,Discovery,Discovery,33,T1007,0,6901ce9ca6b6,train
scenario_2_a_a.j2,S2,Linux Malware,8,29,T1007,T1007,0,System Service Discovery,Discovery,Discovery,24,T1003,0,6901ce9ca6b6,train
scenario_2_a_a.j2,S2,Linux Malware,9,29,T1003,T1003,0,OS Credential Dumping,Credential Access,Credential Access,23,T1049,0,6901ce9ca6b6,train
scenario_2_a_a.j2,S2,Linux Malware,10,29,T1049,T1049,0,System Network Connections Discovery,Discovery,Discovery,31,T1016,0,6901ce9ca6b6,train
scenario_2_a_a.j2,S2,Linux Malware,11,29,T1016,T1016,0,System Network Configuration Discovery,Discovery,Discovery,10,T1003,0,6901ce9ca6b6,train
scenario_2_a_a.j2,S2,Linux Malware,12,29,T1003.008,T1003,1,OS Credential Dumping,Credential Access,Credential Access,23,T1041,0,6901ce9ca6b6,train
scenario_2_a_a.j2,S2,Linux Malware,13,29,T1041,T1041,0,Exfiltration Over C2 Channel,Collection,Exfiltration,17,T1560,0,6901ce9ca6b6,train
scenario_2_a_a.j2,S2,Linux Malware,14,29,T1560.001,T1560,1,Archive Collected Data,Collection,Collection,16,T1074,0,6901ce9ca6b6,train
scenario_2_a_a.j2,S2,Linux Malware,15,29,T1074.001,T1074,1,Data Staged,Exfiltration,Collection,36,T1041,0,6901ce9ca6b6,train
scenario_2_a_a.j2,S2,Linux Malware,16,29,T1041,T1041,0,Exfiltration Over C2 Channel,Exfiltration,Exfiltration,17,T1070,0,6901ce9ca6b6,train
scenario_2_a_a.j2,S2,Linux Malware,17,29,T1070.004,T1070,1,Indicator Removal,Defense Evasion,Defense Evasion,34,T1005,0,6901ce9ca6b6,train
scenario_2_a_a.j2,S2,Linux Malware,18,29,T1005,T1005,0,Data from Local System,Collection,Collection,15,T1201,0,6901ce9ca6b6,train
scenario_2_a_a.j2,S2,Linux Malware,19,29,T1201,T1201,0,Password Policy Discovery,Discovery,Discovery,51,T1003,0,6901ce9ca6b6,train
scenario_2_a_a.j2,S2,Linux Malware,20,29,T1003.008,T1003,1,OS Credential Dumping,Discovery,Credential Access,23,T1201,0,6901ce9ca6b6,train
scenario_2_a_a.j2,S2,Linux Malware,21,29,T1201,T1201,0,Password Policy Discovery,Discovery,Discovery,51,T1105,0,6901ce9ca6b6,train
scenario_2_a_a.j2,S2,Linux Malware,22,29,T1105,T1105,0,Ingress Tool Transfer,Command and Control,Command and Control,43,T1046,0,6901ce9ca6b6,train
scenario_2_a_a.j2,S2,Linux Malware,23,29,T1046,T1046,0,Network Service Scanning,Command and Control,Discovery,9,T1018,0,6901ce9ca6b6,train
scenario_2_a_a.j2,S2,Linux Malware,24,29,T1018,T1018,0,Remote System Discovery,Command and Control,Discovery,27,T1046,0,6901ce9ca6b6,train
scenario_2_a_a.j2,S2,Linux Malware,25,29,T1046,T1046,0,Network Service Scanning,Discovery,Discovery,9,T1018,0,6901ce9ca6b6,train
scenario_2_a_a.j2,S2,Linux Malware,26,29,T1018,T1018,0,Remote System Discovery,Discovery,Discovery,27,T1046,0,6901ce9ca6b6,train
scenario_2_a_a.j2,S2,Linux Malware,27,29,T1046,T1046,0,Network Service Scanning,Discovery,Discovery,9,T1018,0,6901ce9ca6b6,train
scenario_2_a_a.j2,S2,Linux Malware,28,29,T1018,T1018,0,Remote System Discovery,Discovery,Discovery,27,,1,6901ce9ca6b6,train
scenario_2_a_c.j2,S2,Linux Malware,0,35,T1021,T1021,0,Remote Services,Lateral Movement,Lateral Movement,12,T1105,0,f11ce5a22435,train
scenario_2_a_c.j2,S2,Linux Malware,1,35,T1105,T1105,0,Ingress Tool Transfer,Command and Control,Command and Control,43,T1071,0,f11ce5a22435,train
scenario_2_a_c.j2,S2,Linux Malware,2,35,T1071.001,T1071,1,Application Layer Protocol,Command and Control,Command and Control,35,T1573,0,f11ce5a22435,train
scenario_2_a_c.j2,S2,Linux Malware,3,35,T1573,T1573,0,Encrypted Channel,Command and Control,Command and Control,70,T1105,0,f11ce5a22435,train
scenario_2_a_c.j2,S2,Linux Malware,4,35,T1105,T1105,0,Ingress Tool Transfer,Command and Control,Command and Control,43,T1543,0,f11ce5a22435,train
scenario_2_a_c.j2,S2,Linux Malware,5,35,T1543.002,T1543,1,Create or Modify System Process,Persistence,Persistence,5,T1543,0,f11ce5a22435,train
scenario_2_a_c.j2,S2,Linux Malware,6,35,T1543.002,T1543,1,Create or Modify System Process,Persistence,Persistence,5,T1014,0,f11ce5a22435,train
scenario_2_a_c.j2,S2,Linux Malware,7,35,T1014,T1014,0,Rootkit,Persistence,Defense Evasion,26,T1564,0,f11ce5a22435,train
scenario_2_a_c.j2,S2,Linux Malware,8,35,T1564,T1564,0,Hide Artifacts,Persistence,Defense Evasion,67,T1574,0,f11ce5a22435,train
scenario_2_a_c.j2,S2,Linux Malware,9,35,T1574,T1574,0,Hijack Execution Flow,Persistence,Persistence,21,T1543,0,f11ce5a22435,train
scenario_2_a_c.j2,S2,Linux Malware,10,35,T1543.002,T1543,1,Create or Modify System Process,Persistence,Persistence,5,T1543,0,f11ce5a22435,train
scenario_2_a_c.j2,S2,Linux Malware,11,35,T1543.002,T1543,1,Create or Modify System Process,Persistence,Persistence,5,T1083,0,f11ce5a22435,train
scenario_2_a_c.j2,S2,Linux Malware,12,35,T1083,T1083,0,File and Directory Discovery,Discovery,Discovery,11,T1057,0,f11ce5a22435,train
scenario_2_a_c.j2,S2,Linux Malware,13,35,T1057,T1057,0,Process Discovery,Discovery,Discovery,33,T1007,0,f11ce5a22435,train
scenario_2_a_c.j2,S2,Linux Malware,14,35,T1007,T1007,0,System Service Discovery,Discovery,Discovery,24,T1003,0,f11ce5a22435,train
scenario_2_a_c.j2,S2,Linux Malware,15,35,T1003,T1003,0,OS Credential Dumping,Credential Access,Credential Access,23,T1049,0,f11ce5a22435,train
scenario_2_a_c.j2,S2,Linux Malware,16,35,T1049,T1049,0,System Network Connections Discovery,Discovery,Discovery,31,T1016,0,f11ce5a22435,train
scenario_2_a_c.j2,S2,Linux Malware,17,35,T1016,T1016,0,System Network Configuration Discovery,Discovery,Discovery,10,T1003,0,f11ce5a22435,train
scenario_2_a_c.j2,S2,Linux Malware,18,35,T1003.008,T1003,1,OS Credential Dumping,Credential Access,Credential Access,23,T1041,0,f11ce5a22435,train
scenario_2_a_c.j2,S2,Linux Malware,19,35,T1041,T1041,0,Exfiltration Over C2 Channel,Collection,Exfiltration,17,T1560,0,f11ce5a22435,train
scenario_2_a_c.j2,S2,Linux Malware,20,35,T1560.001,T1560,1,Archive Collected Data,Collection,Collection,16,T1074,0,f11ce5a22435,train
scenario_2_a_c.j2,S2,Linux Malware,21,35,T1074.001,T1074,1,Data Staged,Exfiltration,Collection,36,T1041,0,f11ce5a22435,train
scenario_2_a_c.j2,S2,Linux Malware,22,35,T1041,T1041,0,Exfiltration Over C2 Channel,Exfiltration,Exfiltration,17,T1070,0,f11ce5a22435,train
scenario_2_a_c.j2,S2,Linux Malware,23,35,T1070.004,T1070,1,Indicator Removal,Defense Evasion,Defense Evasion,34,T1005,0,f11ce5a22435,train
scenario_2_a_c.j2,S2,Linux Malware,24,35,T1005,T1005,0,Data from Local System,Collection,Collection,15,T1201,0,f11ce5a22435,train
scenario_2_a_c.j2,S2,Linux Malware,25,35,T1201,T1201,0,Password Policy Discovery,Discovery,Discovery,51,T1003,0,f11ce5a22435,train
scenario_2_a_c.j2,S2,Linux Malware,26,35,T1003.008,T1003,1,OS Credential Dumping,Discovery,Credential Access,23,T1201,0,f11ce5a22435,train
scenario_2_a_c.j2,S2,Linux Malware,27,35,T1201,T1201,0,Password Policy Discovery,Discovery,Discovery,51,T1105,0,f11ce5a22435,train
scenario_2_a_c.j2,S2,Linux Malware,28,35,T1105,T1105,0,Ingress Tool Transfer,Command and Control,Command and Control,43,T1046,0,f11ce5a22435,train
scenario_2_a_c.j2,S2,Linux Malware,29,35,T1046,T1046,0,Network Service Scanning,Command and Control,Discovery,9,T1018,0,f11ce5a22435,train
scenario_2_a_c.j2,S2,Linux Malware,30,35,T1018,T1018,0,Remote System Discovery,Command and Control,Discovery,27,T1046,0,f11ce5a22435,train
scenario_2_a_c.j2,S2,Linux Malware,31,35,T1046,T1046,0,Network Service Scanning,Discovery,Discovery,9,T1018,0,f11ce5a22435,train
scenario_2_a_c.j2,S2,Linux Malware,32,35,T1018,T1018,0,Remote System Discovery,Discovery,Discovery,27,T1046,0,f11ce5a22435,train
scenario_2_a_c.j2,S2,Linux Malware,33,35,T1046,T1046,0,Network Service Scanning,Discovery,Discovery,9,T1018,0,f11ce5a22435,train
scenario_2_a_c.j2,S2,Linux Malware,34,35,T1018,T1018,0,Remote System Discovery,Discovery,Discovery,27,,1,f11ce5a22435,train
scenario_3_a_a.j2,S3,Lateral Movement,0,24,T1078.002,T1078,1,Valid Accounts,Initial Access,Initial Access,37,T1110,0,10def2d5461c,train
scenario_3_a_a.j2,S3,Lateral Movement,1,24,T1110.001,T1110,1,Brute Force,Initial Access,Credential Access,44,T1133,0,10def2d5461c,train
scenario_3_a_a.j2,S3,Lateral Movement,2,24,T1133,T1133,0,External Remote Services,Initial Access,Initial Access,48,T1078,0,10def2d5461c,train
scenario_3_a_a.j2,S3,Lateral Movement,3,24,T1078.002,T1078,1,Valid Accounts,Initial Access,Initial Access,37,T1040,0,10def2d5461c,train
scenario_3_a_a.j2,S3,Lateral Movement,4,24,T1040,T1040,0,Network Sniffing,Credential Access,Credential Access,30,T1078,0,10def2d5461c,train
scenario_3_a_a.j2,S3,Lateral Movement,5,24,T1078.003,T1078,1,Valid Accounts,Privilege Escalation,Initial Access,37,T1078,0,10def2d5461c,train
scenario_3_a_a.j2,S3,Lateral Movement,6,24,T1078.003,T1078,1,Valid Accounts,Privilege Escalation,Initial Access,37,T1003,0,10def2d5461c,train
scenario_3_a_a.j2,S3,Lateral Movement,7,24,T1003.008,T1003,1,OS Credential Dumping,Credential Access,Credential Access,23,T1213,0,10def2d5461c,train
scenario_3_a_a.j2,S3,Lateral Movement,8,24,T1213,T1213,0,Data from Information Repositories,Collection,Collection,54,T1039,0,10def2d5461c,train
scenario_3_a_a.j2,S3,Lateral Movement,9,24,T1039,T1039,0,Data from Network Shared Drive,Collection,Collection,29,T1080,0,10def2d5461c,train
scenario_3_a_a.j2,S3,Lateral Movement,10,24,T1080,T1080,0,Taint Shared Content,Lateral Movement,Lateral Movement,38,T1080,0,10def2d5461c,train
scenario_3_a_a.j2,S3,Lateral Movement,11,24,T1080,T1080,0,Taint Shared Content,Lateral Movement,Lateral Movement,38,T1082,0,10def2d5461c,train
scenario_3_a_a.j2,S3,Lateral Movement,12,24,T1082,T1082,0,System Information Discovery,Discovery,Discovery,39,T1033,0,10def2d5461c,train
scenario_3_a_a.j2,S3,Lateral Movement,13,24,T1033,T1033,0,System Owner/User Discovery,Discovery,Discovery,28,T1486,0,10def2d5461c,train
scenario_3_a_a.j2,S3,Lateral Movement,14,24,T1486,T1486,0,Data Encrypted for Impact,Impact,Impact,18,T1105,0,10def2d5461c,train
scenario_3_a_a.j2,S3,Lateral Movement,15,24,T1105,T1105,0,Ingress Tool Transfer,Command and Control,Command and Control,43,T1486,0,10def2d5461c,train
scenario_3_a_a.j2,S3,Lateral Movement,16,24,T1486,T1486,0,Data Encrypted for Impact,Impact,Impact,18,T1565,0,10def2d5461c,train
scenario_3_a_a.j2,S3,Lateral Movement,17,24,T1565.001,T1565,1,Data Manipulation,Impact,Impact,68,T1018,0,10def2d5461c,train
scenario_3_a_a.j2,S3,Lateral Movement,18,24,T1018,T1018,0,Remote System Discovery,Discovery,Discovery,27,T1087,0,10def2d5461c,train
scenario_3_a_a.j2,S3,Lateral Movement,19,24,T1087.001,T1087,1,Account Discovery,Discovery,Discovery,40,T1531,0,10def2d5461c,train
scenario_3_a_a.j2,S3,Lateral Movement,20,24,T1531,T1531,0,Account Access Removal,Impact,Impact,62,T1485,0,10def2d5461c,train
scenario_3_a_a.j2,S3,Lateral Movement,21,24,T1485,T1485,0,Data Destruction,Impact,Impact,57,T1490,0,10def2d5461c,train
scenario_3_a_a.j2,S3,Lateral Movement,22,24,T1490,T1490,0,Inhibit System Recovery,Impact,Impact,58,T1489,0,10def2d5461c,train
scenario_3_a_a.j2,S3,Lateral Movement,23,24,T1489,T1489,0,Service Stop,Impact,Impact,19,,1,10def2d5461c,train
scenario_3_a_b.j2,S3,Lateral Movement,0,25,T1078.002,T1078,1,Valid Accounts,Initial Access,Initial Access,37,T1110,0,5fd306c58b89,test
scenario_3_a_b.j2,S3,Lateral Movement,1,25,T1110.001,T1110,1,Brute Force,Initial Access,Credential Access,44,T1133,0,5fd306c58b89,test
scenario_3_a_b.j2,S3,Lateral Movement,2,25,T1133,T1133,0,External Remote Services,Initial Access,Initial Access,48,T1078,0,5fd306c58b89,test
scenario_3_a_b.j2,S3,Lateral Movement,3,25,T1078.002,T1078,1,Valid Accounts,Initial Access,Initial Access,37,T1040,0,5fd306c58b89,test
scenario_3_a_b.j2,S3,Lateral Movement,4,25,T1040,T1040,0,Network Sniffing,Credential Access,Credential Access,30,T1078,0,5fd306c58b89,test
scenario_3_a_b.j2,S3,Lateral Movement,5,25,T1078.003,T1078,1,Valid Accounts,Privilege Escalation,Initial Access,37,T1078,0,5fd306c58b89,test
scenario_3_a_b.j2,S3,Lateral Movement,6,25,T1078.003,T1078,1,Valid Accounts,Privilege Escalation,Initial Access,37,T1003,0,5fd306c58b89,test
scenario_3_a_b.j2,S3,Lateral Movement,7,25,T1003.008,T1003,1,OS Credential Dumping,Credential Access,Credential Access,23,T1213,0,5fd306c58b89,test
scenario_3_a_b.j2,S3,Lateral Movement,8,25,T1213,T1213,0,Data from Information Repositories,Collection,Collection,54,T1039,0,5fd306c58b89,test
scenario_3_a_b.j2,S3,Lateral Movement,9,25,T1039,T1039,0,Data from Network Shared Drive,Collection,Collection,29,T1071,0,5fd306c58b89,test
scenario_3_a_b.j2,S3,Lateral Movement,10,25,T1071,T1071,0,Application Layer Protocol,Execution,Command and Control,35,T1105,0,5fd306c58b89,test
scenario_3_a_b.j2,S3,Lateral Movement,11,25,T1105,T1105,0,Ingress Tool Transfer,Command and Control,Command and Control,43,T1082,0,5fd306c58b89,test
scenario_3_a_b.j2,S3,Lateral Movement,12,25,T1082,T1082,0,System Information Discovery,Discovery,Discovery,39,T1572,0,5fd306c58b89,test
scenario_3_a_b.j2,S3,Lateral Movement,13,25,T1572,T1572,0,Protocol Tunneling,Command and Control,Command and Control,81,T1210,0,5fd306c58b89,test
scenario_3_a_b.j2,S3,Lateral Movement,14,25,T1210,T1210,0,Exploitation of Remote Services,Lateral Movement,Lateral Movement,53,T1486,0,5fd306c58b89,test
scenario_3_a_b.j2,S3,Lateral Movement,15,25,T1486,T1486,0,Data Encrypted for Impact,Impact,Impact,18,T1105,0,5fd306c58b89,test
scenario_3_a_b.j2,S3,Lateral Movement,16,25,T1105,T1105,0,Ingress Tool Transfer,Command and Control,Command and Control,43,T1486,0,5fd306c58b89,test
scenario_3_a_b.j2,S3,Lateral Movement,17,25,T1486,T1486,0,Data Encrypted for Impact,Impact,Impact,18,T1565,0,5fd306c58b89,test
scenario_3_a_b.j2,S3,Lateral Movement,18,25,T1565.001,T1565,1,Data Manipulation,Impact,Impact,68,T1018,0,5fd306c58b89,test
scenario_3_a_b.j2,S3,Lateral Movement,19,25,T1018,T1018,0,Remote System Discovery,Discovery,Discovery,27,T1087,0,5fd306c58b89,test
scenario_3_a_b.j2,S3,Lateral Movement,20,25,T1087.001,T1087,1,Account Discovery,Discovery,Discovery,40,T1531,0,5fd306c58b89,test
scenario_3_a_b.j2,S3,Lateral Movement,21,25,T1531,T1531,0,Account Access Removal,Impact,Impact,62,T1485,0,5fd306c58b89,test
scenario_3_a_b.j2,S3,Lateral Movement,22,25,T1485,T1485,0,Data Destruction,Impact,Impact,57,T1490,0,5fd306c58b89,test
scenario_3_a_b.j2,S3,Lateral Movement,23,25,T1490,T1490,0,Inhibit System Recovery,Impact,Impact,58,T1489,0,5fd306c58b89,test
scenario_3_a_b.j2,S3,Lateral Movement,24,25,T1489,T1489,0,Service Stop,Impact,Impact,19,,1,5fd306c58b89,test
scenario_3_a_c.j2,S3,Lateral Movement,0,37,T1078.002,T1078,1,Valid Accounts,Initial Access,Initial Access,37,T1110,0,e39a40493ec5,validation
scenario_3_a_c.j2,S3,Lateral Movement,1,37,T1110.001,T1110,1,Brute Force,Initial Access,Credential Access,44,T1133,0,e39a40493ec5,validation
scenario_3_a_c.j2,S3,Lateral Movement,2,37,T1133,T1133,0,External Remote Services,Initial Access,Initial Access,48,T1078,0,e39a40493ec5,validation
scenario_3_a_c.j2,S3,Lateral Movement,3,37,T1078.002,T1078,1,Valid Accounts,Initial Access,Initial Access,37,T1040,0,e39a40493ec5,validation
scenario_3_a_c.j2,S3,Lateral Movement,4,37,T1040,T1040,0,Network Sniffing,Credential Access,Credential Access,30,T1078,0,e39a40493ec5,validation
scenario_3_a_c.j2,S3,Lateral Movement,5,37,T1078.003,T1078,1,Valid Accounts,Privilege Escalation,Initial Access,37,T1078,0,e39a40493ec5,validation
scenario_3_a_c.j2,S3,Lateral Movement,6,37,T1078.003,T1078,1,Valid Accounts,Privilege Escalation,Initial Access,37,T1003,0,e39a40493ec5,validation
scenario_3_a_c.j2,S3,Lateral Movement,7,37,T1003.008,T1003,1,OS Credential Dumping,Credential Access,Credential Access,23,T1213,0,e39a40493ec5,validation
scenario_3_a_c.j2,S3,Lateral Movement,8,37,T1213,T1213,0,Data from Information Repositories,Collection,Collection,54,T1039,0,e39a40493ec5,validation
scenario_3_a_c.j2,S3,Lateral Movement,9,37,T1039,T1039,0,Data from Network Shared Drive,Collection,Collection,29,T1083,0,e39a40493ec5,validation
scenario_3_a_c.j2,S3,Lateral Movement,10,37,T1083,T1083,0,File and Directory Discovery,Discovery,Discovery,11,T1059,0,e39a40493ec5,validation
scenario_3_a_c.j2,S3,Lateral Movement,11,37,T1059.004,T1059,1,Command and Scripting Interpreter,Execution,Execution,2,T1036,0,e39a40493ec5,validation
scenario_3_a_c.j2,S3,Lateral Movement,12,37,T1036.005,T1036,1,Masquerading,Defense Evasion,Defense Evasion,20,T1564,0,e39a40493ec5,validation
scenario_3_a_c.j2,S3,Lateral Movement,13,37,T1564.001,T1564,1,Hide Artifacts,Defense Evasion,Defense Evasion,67,T1574,0,e39a40493ec5,validation
scenario_3_a_c.j2,S3,Lateral Movement,14,37,T1574,T1574,0,Hijack Execution Flow,Persistence,Persistence,21,T1059,0,e39a40493ec5,validation
scenario_3_a_c.j2,S3,Lateral Movement,15,37,T1059,T1059,0,Command and Scripting Interpreter,Execution,Execution,2,T1574,0,e39a40493ec5,validation
scenario_3_a_c.j2,S3,Lateral Movement,16,37,T1574,T1574,0,Hijack Execution Flow,Execution,Persistence,21,T1059,0,e39a40493ec5,validation
scenario_3_a_c.j2,S3,Lateral Movement,17,37,T1059,T1059,0,Command and Scripting Interpreter,Execution,Execution,2,T1574,0,e39a40493ec5,validation
scenario_3_a_c.j2,S3,Lateral Movement,18,37,T1574,T1574,0,Hijack Execution Flow,Execution,Persistence,21,T1053,0,e39a40493ec5,validation
scenario_3_a_c.j2,S3,Lateral Movement,19,37,T1053.003,T1053,1,Scheduled Task/Job,Persistence,Persistence,4,T1105,0,e39a40493ec5,validation
scenario_3_a_c.j2,S3,Lateral Movement,20,37,T1105,T1105,0,Ingress Tool Transfer,Command and Control,Command and Control,43,T1071,0,e39a40493ec5,validation
scenario_3_a_c.j2,S3,Lateral Movement,21,37,T1071.001,T1071,1,Application Layer Protocol,Persistence,Command and Control,35,T1053,0,e39a40493ec5,validation
scenario_3_a_c.j2,S3,Lateral Movement,22,37,T1053.003,T1053,1,Scheduled Task/Job,Persistence,Persistence,4,T1105,0,e39a40493ec5,validation
scenario_3_a_c.j2,S3,Lateral Movement,23,37,T1105,T1105,0,Ingress Tool Transfer,Command and Control,Command and Control,43,T1071,0,e39a40493ec5,validation
scenario_3_a_c.j2,S3,Lateral Movement,24,37,T1071.001,T1071,1,Application Layer Protocol,Persistence,Command and Control,35,T1072,0,e39a40493ec5,validation
scenario_3_a_c.j2,S3,Lateral Movement,25,37,T1072,T1072,0,Software Deployment Tools,Execution,Lateral Movement,14,T1072,0,e39a40493ec5,validation
scenario_3_a_c.j2,S3,Lateral Movement,26,37,T1072,T1072,0,Software Deployment Tools,Execution,Lateral Movement,14,T1486,0,e39a40493ec5,validation
scenario_3_a_c.j2,S3,Lateral Movement,27,37,T1486,T1486,0,Data Encrypted for Impact,Impact,Impact,18,T1105,0,e39a40493ec5,validation
scenario_3_a_c.j2,S3,Lateral Movement,28,37,T1105,T1105,0,Ingress Tool Transfer,Command and Control,Command and Control,43,T1486,0,e39a40493ec5,validation
scenario_3_a_c.j2,S3,Lateral Movement,29,37,T1486,T1486,0,Data Encrypted for Impact,Impact,Impact,18,T1565,0,e39a40493ec5,validation
scenario_3_a_c.j2,S3,Lateral Movement,30,37,T1565.001,T1565,1,Data Manipulation,Impact,Impact,68,T1018,0,e39a40493ec5,validation
scenario_3_a_c.j2,S3,Lateral Movement,31,37,T1018,T1018,0,Remote System Discovery,Discovery,Discovery,27,T1087,0,e39a40493ec5,validation
scenario_3_a_c.j2,S3,Lateral Movement,32,37,T1087.001,T1087,1,Account Discovery,Discovery,Discovery,40,T1531,0,e39a40493ec5,validation
scenario_3_a_c.j2,S3,Lateral Movement,33,37,T1531,T1531,0,Account Access Removal,Impact,Impact,62,T1485,0,e39a40493ec5,validation
scenario_3_a_c.j2,S3,Lateral Movement,34,37,T1485,T1485,0,Data Destruction,Impact,Impact,57,T1490,0,e39a40493ec5,validation
scenario_3_a_c.j2,S3,Lateral Movement,35,37,T1490,T1490,0,Inhibit System Recovery,Impact,Impact,58,T1489,0,e39a40493ec5,validation
scenario_3_a_c.j2,S3,Lateral Movement,36,37,T1489,T1489,0,Service Stop,Impact,Impact,19,,1,e39a40493ec5,validation
scenario_3_a_d.j2,S3,Lateral Movement,0,29,T1078.002,T1078,1,Valid Accounts,Initial Access,Initial Access,37,T1110,0,9b4617885a75,validation
scenario_3_a_d.j2,S3,Lateral Movement,1,29,T1110.001,T1110,1,Brute Force,Initial Access,Credential Access,44,T1133,0,9b4617885a75,validation
scenario_3_a_d.j2,S3,Lateral Movement,2,29,T1133,T1133,0,External Remote Services,Initial Access,Initial Access,48,T1078,0,9b4617885a75,validation
scenario_3_a_d.j2,S3,Lateral Movement,3,29,T1078.003,T1078,1,Valid Accounts,Initial Access,Initial Access,37,T1040,0,9b4617885a75,validation
scenario_3_a_d.j2,S3,Lateral Movement,4,29,T1040,T1040,0,Network Sniffing,Credential Access,Credential Access,30,T1078,0,9b4617885a75,validation
scenario_3_a_d.j2,S3,Lateral Movement,5,29,T1078.003,T1078,1,Valid Accounts,Privilege Escalation,Initial Access,37,T1078,0,9b4617885a75,validation
scenario_3_a_d.j2,S3,Lateral Movement,6,29,T1078.003,T1078,1,Valid Accounts,Privilege Escalation,Initial Access,37,T1003,0,9b4617885a75,validation
scenario_3_a_d.j2,S3,Lateral Movement,7,29,T1003.008,T1003,1,OS Credential Dumping,Credential Access,Credential Access,23,T1213,0,9b4617885a75,validation
scenario_3_a_d.j2,S3,Lateral Movement,8,29,T1213,T1213,0,Data from Information Repositories,Collection,Collection,54,T1039,0,9b4617885a75,validation
scenario_3_a_d.j2,S3,Lateral Movement,9,29,T1039,T1039,0,Data from Network Shared Drive,Collection,Collection,29,T1072,0,9b4617885a75,validation
scenario_3_a_d.j2,S3,Lateral Movement,10,29,T1072,T1072,0,Software Deployment Tools,Execution,Lateral Movement,14,T1105,0,9b4617885a75,validation
scenario_3_a_d.j2,S3,Lateral Movement,11,29,T1105,T1105,0,Ingress Tool Transfer,Lateral Movement,Command and Control,43,T1059,0,9b4617885a75,validation
scenario_3_a_d.j2,S3,Lateral Movement,12,29,T1059.004,T1059,1,Command and Scripting Interpreter,Execution,Execution,2,T1072,0,9b4617885a75,validation
scenario_3_a_d.j2,S3,Lateral Movement,13,29,T1072,T1072,0,Software Deployment Tools,Execution,Lateral Movement,14,T1105,0,9b4617885a75,validation
scenario_3_a_d.j2,S3,Lateral Movement,14,29,T1105,T1105,0,Ingress Tool Transfer,Lateral Movement,Command and Control,43,T1059,0,9b4617885a75,validation
scenario_3_a_d.j2,S3,Lateral Movement,15,29,T1059.004,T1059,1,Command and Scripting Interpreter,Execution,Execution,2,T1072,0,9b4617885a75,validation
scenario_3_a_d.j2,S3,Lateral Movement,16,29,T1072,T1072,0,Software Deployment Tools,Execution,Lateral Movement,14,T1105,0,9b4617885a75,validation
scenario_3_a_d.j2,S3,Lateral Movement,17,29,T1105,T1105,0,Ingress Tool Transfer,Lateral Movement,Command and Control,43,T1059,0,9b4617885a75,validation
scenario_3_a_d.j2,S3,Lateral Movement,18,29,T1059.004,T1059,1,Command and Scripting Interpreter,Execution,Execution,2,T1486,0,9b4617885a75,validation
scenario_3_a_d.j2,S3,Lateral Movement,19,29,T1486,T1486,0,Data Encrypted for Impact,Impact,Impact,18,T1105,0,9b4617885a75,validation
scenario_3_a_d.j2,S3,Lateral Movement,20,29,T1105,T1105,0,Ingress Tool Transfer,Command and Control,Command and Control,43,T1486,0,9b4617885a75,validation
scenario_3_a_d.j2,S3,Lateral Movement,21,29,T1486,T1486,0,Data Encrypted for Impact,Impact,Impact,18,T1565,0,9b4617885a75,validation
scenario_3_a_d.j2,S3,Lateral Movement,22,29,T1565.001,T1565,1,Data Manipulation,Impact,Impact,68,T1018,0,9b4617885a75,validation
scenario_3_a_d.j2,S3,Lateral Movement,23,29,T1018,T1018,0,Remote System Discovery,Discovery,Discovery,27,T1087,0,9b4617885a75,validation
scenario_3_a_d.j2,S3,Lateral Movement,24,29,T1087.001,T1087,1,Account Discovery,Discovery,Discovery,40,T1531,0,9b4617885a75,validation
scenario_3_a_d.j2,S3,Lateral Movement,25,29,T1531,T1531,0,Account Access Removal,Impact,Impact,62,T1485,0,9b4617885a75,validation
scenario_3_a_d.j2,S3,Lateral Movement,26,29,T1485,T1485,0,Data Destruction,Impact,Impact,57,T1490,0,9b4617885a75,validation
scenario_3_a_d.j2,S3,Lateral Movement,27,29,T1490,T1490,0,Inhibit System Recovery,Impact,Impact,58,T1489,0,9b4617885a75,validation
scenario_3_a_d.j2,S3,Lateral Movement,28,29,T1489,T1489,0,Service Stop,Impact,Impact,19,,1,9b4617885a75,validation
scenario_3_b_a.j2,S3,Lateral Movement,0,26,T1110.001,T1110,1,Brute Force,Credential Access,Credential Access,44,T1021,0,aea3fac8c64f,train
scenario_3_b_a.j2,S3,Lateral Movement,1,26,T1021.005,T1021,1,Remote Services,Lateral Movement,Lateral Movement,12,T1021,0,aea3fac8c64f,train
scenario_3_b_a.j2,S3,Lateral Movement,2,26,T1021.005,T1021,1,Remote Services,Lateral Movement,Lateral Movement,12,T1021,0,aea3fac8c64f,train
scenario_3_b_a.j2,S3,Lateral Movement,3,26,T1021.005,T1021,1,Remote Services,Lateral Movement,Lateral Movement,12,T1021,0,aea3fac8c64f,train
scenario_3_b_a.j2,S3,Lateral Movement,4,26,T1021.005,T1021,1,Remote Services,Lateral Movement,Lateral Movement,12,T1003,0,aea3fac8c64f,train
scenario_3_b_a.j2,S3,Lateral Movement,5,26,T1003.008,T1003,1,OS Credential Dumping,Credential Access,Credential Access,23,T1213,0,aea3fac8c64f,train
scenario_3_b_a.j2,S3,Lateral Movement,6,26,T1213,T1213,0,Data from Information Repositories,Collection,Collection,54,T1039,0,aea3fac8c64f,train
scenario_3_b_a.j2,S3,Lateral Movement,7,26,T1039,T1039,0,Data from Network Shared Drive,Collection,Collection,29,T1105,0,aea3fac8c64f,train
scenario_3_b_a.j2,S3,Lateral Movement,8,26,T1105,T1105,0,Ingress Tool Transfer,Execution,Command and Control,43,T1059,0,aea3fac8c64f,train
scenario_3_b_a.j2,S3,Lateral Movement,9,26,T1059.004,T1059,1,Command and Scripting Interpreter,Defense Evasion,Execution,2,T1053,0,aea3fac8c64f,train
scenario_3_b_a.j2,S3,Lateral Movement,10,26,T1053.003,T1053,1,Scheduled Task/Job,Persistence,Persistence,4,T1021,0,aea3fac8c64f,train
scenario_3_b_a.j2,S3,Lateral Movement,11,26,T1021.005,T1021,1,Remote Services,Command and Control,Lateral Movement,12,T1071,0,aea3fac8c64f,train
scenario_3_b_a.j2,S3,Lateral Movement,12,26,T1071.001,T1071,1,Application Layer Protocol,Execution,Command and Control,35,T1021,0,aea3fac8c64f,train
scenario_3_b_a.j2,S3,Lateral Movement,13,26,T1021.005,T1021,1,Remote Services,Lateral Movement,Lateral Movement,12,T1082,0,aea3fac8c64f,train
scenario_3_b_a.j2,S3,Lateral Movement,14,26,T1082,T1082,0,System Information Discovery,Discovery,Discovery,39,T1033,0,aea3fac8c64f,train
scenario_3_b_a.j2,S3,Lateral Movement,15,26,T1033,T1033,0,System Owner/User Discovery,Discovery,Discovery,28,T1486,0,aea3fac8c64f,train
scenario_3_b_a.j2,S3,Lateral Movement,16,26,T1486,T1486,0,Data Encrypted for Impact,Impact,Impact,18,T1105,0,aea3fac8c64f,train
scenario_3_b_a.j2,S3,Lateral Movement,17,26,T1105,T1105,0,Ingress Tool Transfer,Command and Control,Command and Control,43,T1486,0,aea3fac8c64f,train
scenario_3_b_a.j2,S3,Lateral Movement,18,26,T1486,T1486,0,Data Encrypted for Impact,Impact,Impact,18,T1565,0,aea3fac8c64f,train
scenario_3_b_a.j2,S3,Lateral Movement,19,26,T1565.001,T1565,1,Data Manipulation,Impact,Impact,68,T1018,0,aea3fac8c64f,train
scenario_3_b_a.j2,S3,Lateral Movement,20,26,T1018,T1018,0,Remote System Discovery,Discovery,Discovery,27,T1087,0,aea3fac8c64f,train
scenario_3_b_a.j2,S3,Lateral Movement,21,26,T1087.001,T1087,1,Account Discovery,Discovery,Discovery,40,T1531,0,aea3fac8c64f,train
scenario_3_b_a.j2,S3,Lateral Movement,22,26,T1531,T1531,0,Account Access Removal,Impact,Impact,62,T1485,0,aea3fac8c64f,train
scenario_3_b_a.j2,S3,Lateral Movement,23,26,T1485,T1485,0,Data Destruction,Impact,Impact,57,T1490,0,aea3fac8c64f,train
scenario_3_b_a.j2,S3,Lateral Movement,24,26,T1490,T1490,0,Inhibit System Recovery,Impact,Impact,58,T1489,0,aea3fac8c64f,train
scenario_3_b_a.j2,S3,Lateral Movement,25,26,T1489,T1489,0,Service Stop,Impact,Impact,19,,1,aea3fac8c64f,train
scenario_3_b_b.j2,S3,Lateral Movement,0,24,T1110.001,T1110,1,Brute Force,Credential Access,Credential Access,44,T1021,0,339f6d168b5d,test
scenario_3_b_b.j2,S3,Lateral Movement,1,24,T1021.005,T1021,1,Remote Services,Lateral Movement,Lateral Movement,12,T1021,0,339f6d168b5d,test
scenario_3_b_b.j2,S3,Lateral Movement,2,24,T1021.005,T1021,1,Remote Services,Lateral Movement,Lateral Movement,12,T1021,0,339f6d168b5d,test
scenario_3_b_b.j2,S3,Lateral Movement,3,24,T1021.005,T1021,1,Remote Services,Lateral Movement,Lateral Movement,12,T1021,0,339f6d168b5d,test
scenario_3_b_b.j2,S3,Lateral Movement,4,24,T1021.005,T1021,1,Remote Services,Lateral Movement,Lateral Movement,12,T1003,0,339f6d168b5d,test
scenario_3_b_b.j2,S3,Lateral Movement,5,24,T1003.008,T1003,1,OS Credential Dumping,Credential Access,Credential Access,23,T1213,0,339f6d168b5d,test
scenario_3_b_b.j2,S3,Lateral Movement,6,24,T1213,T1213,0,Data from Information Repositories,Collection,Collection,54,T1039,0,339f6d168b5d,test
scenario_3_b_b.j2,S3,Lateral Movement,7,24,T1039,T1039,0,Data from Network Shared Drive,Collection,Collection,29,T1021,0,339f6d168b5d,test
scenario_3_b_b.j2,S3,Lateral Movement,8,24,T1021.005,T1021,1,Remote Services,Lateral Movement,Lateral Movement,12,T1082,0,339f6d168b5d,test
scenario_3_b_b.j2,S3,Lateral Movement,9,24,T1082,T1082,0,System Information Discovery,Discovery,Discovery,39,T1572,0,339f6d168b5d,test
scenario_3_b_b.j2,S3,Lateral Movement,10,24,T1572,T1572,0,Protocol Tunneling,Command and Control,Command and Control,81,T1210,0,339f6d168b5d,test
scenario_3_b_b.j2,S3,Lateral Movement,11,24,T1210,T1210,0,Exploitation of Remote Services,Lateral Movement,Lateral Movement,53,T1082,0,339f6d168b5d,test
scenario_3_b_b.j2,S3,Lateral Movement,12,24,T1082,T1082,0,System Information Discovery,Discovery,Discovery,39,T1033,0,339f6d168b5d,test
scenario_3_b_b.j2,S3,Lateral Movement,13,24,T1033,T1033,0,System Owner/User Discovery,Discovery,Discovery,28,T1486,0,339f6d168b5d,test
scenario_3_b_b.j2,S3,Lateral Movement,14,24,T1486,T1486,0,Data Encrypted for Impact,Impact,Impact,18,T1105,0,339f6d168b5d,test
scenario_3_b_b.j2,S3,Lateral Movement,15,24,T1105,T1105,0,Ingress Tool Transfer,Command and Control,Command and Control,43,T1486,0,339f6d168b5d,test
scenario_3_b_b.j2,S3,Lateral Movement,16,24,T1486,T1486,0,Data Encrypted for Impact,Impact,Impact,18,T1565,0,339f6d168b5d,test
scenario_3_b_b.j2,S3,Lateral Movement,17,24,T1565.001,T1565,1,Data Manipulation,Impact,Impact,68,T1018,0,339f6d168b5d,test
scenario_3_b_b.j2,S3,Lateral Movement,18,24,T1018,T1018,0,Remote System Discovery,Discovery,Discovery,27,T1087,0,339f6d168b5d,test
scenario_3_b_b.j2,S3,Lateral Movement,19,24,T1087.001,T1087,1,Account Discovery,Discovery,Discovery,40,T1531,0,339f6d168b5d,test
scenario_3_b_b.j2,S3,Lateral Movement,20,24,T1531,T1531,0,Account Access Removal,Impact,Impact,62,T1485,0,339f6d168b5d,test
scenario_3_b_b.j2,S3,Lateral Movement,21,24,T1485,T1485,0,Data Destruction,Impact,Impact,57,T1490,0,339f6d168b5d,test
scenario_3_b_b.j2,S3,Lateral Movement,22,24,T1490,T1490,0,Inhibit System Recovery,Impact,Impact,58,T1489,0,339f6d168b5d,test
scenario_3_b_b.j2,S3,Lateral Movement,23,24,T1489,T1489,0,Service Stop,Impact,Impact,19,,1,339f6d168b5d,test
scenario_3_b_c.j2,S3,Lateral Movement,0,30,T1110.001,T1110,1,Brute Force,Credential Access,Credential Access,44,T1021,0,6e6919ea4e0f,train
scenario_3_b_c.j2,S3,Lateral Movement,1,30,T1021.005,T1021,1,Remote Services,Lateral Movement,Lateral Movement,12,T1021,0,6e6919ea4e0f,train
scenario_3_b_c.j2,S3,Lateral Movement,2,30,T1021.005,T1021,1,Remote Services,Lateral Movement,Lateral Movement,12,T1021,0,6e6919ea4e0f,train
scenario_3_b_c.j2,S3,Lateral Movement,3,30,T1021.005,T1021,1,Remote Services,Lateral Movement,Lateral Movement,12,T1021,0,6e6919ea4e0f,train
scenario_3_b_c.j2,S3,Lateral Movement,4,30,T1021.005,T1021,1,Remote Services,Lateral Movement,Lateral Movement,12,T1003,0,6e6919ea4e0f,train
scenario_3_b_c.j2,S3,Lateral Movement,5,30,T1003.008,T1003,1,OS Credential Dumping,Credential Access,Credential Access,23,T1213,0,6e6919ea4e0f,train
scenario_3_b_c.j2,S3,Lateral Movement,6,30,T1213,T1213,0,Data from Information Repositories,Collection,Collection,54,T1039,0,6e6919ea4e0f,train
scenario_3_b_c.j2,S3,Lateral Movement,7,30,T1039,T1039,0,Data from Network Shared Drive,Collection,Collection,29,T1083,0,6e6919ea4e0f,train
scenario_3_b_c.j2,S3,Lateral Movement,8,30,T1083,T1083,0,File and Directory Discovery,Discovery,Discovery,11,T1059,0,6e6919ea4e0f,train
scenario_3_b_c.j2,S3,Lateral Movement,9,30,T1059.004,T1059,1,Command and Scripting Interpreter,Execution,Execution,2,T1036,0,6e6919ea4e0f,train
scenario_3_b_c.j2,S3,Lateral Movement,10,30,T1036.005,T1036,1,Masquerading,Defense Evasion,Defense Evasion,20,T1564,0,6e6919ea4e0f,train
scenario_3_b_c.j2,S3,Lateral Movement,11,30,T1564.001,T1564,1,Hide Artifacts,Defense Evasion,Defense Evasion,67,T1574,0,6e6919ea4e0f,train
scenario_3_b_c.j2,S3,Lateral Movement,12,30,T1574,T1574,0,Hijack Execution Flow,Persistence,Persistence,21,T1059,0,6e6919ea4e0f,train
scenario_3_b_c.j2,S3,Lateral Movement,13,30,T1059,T1059,0,Command and Scripting Interpreter,Execution,Execution,2,T1574,0,6e6919ea4e0f,train
scenario_3_b_c.j2,S3,Lateral Movement,14,30,T1574,T1574,0,Hijack Execution Flow,Execution,Persistence,21,T1053,0,6e6919ea4e0f,train
scenario_3_b_c.j2,S3,Lateral Movement,15,30,T1053.003,T1053,1,Scheduled Task/Job,Persistence,Persistence,4,T1105,0,6e6919ea4e0f,train
scenario_3_b_c.j2,S3,Lateral Movement,16,30,T1105,T1105,0,Ingress Tool Transfer,Command and Control,Command and Control,43,T1071,0,6e6919ea4e0f,train
scenario_3_b_c.j2,S3,Lateral Movement,17,30,T1071.001,T1071,1,Application Layer Protocol,Persistence,Command and Control,35,T1072,0,6e6919ea4e0f,train
scenario_3_b_c.j2,S3,Lateral Movement,18,30,T1072,T1072,0,Software Deployment Tools,Execution,Lateral Movement,14,T1072,0,6e6919ea4e0f,train
scenario_3_b_c.j2,S3,Lateral Movement,19,30,T1072,T1072,0,Software Deployment Tools,Execution,Lateral Movement,14,T1486,0,6e6919ea4e0f,train
scenario_3_b_c.j2,S3,Lateral Movement,20,30,T1486,T1486,0,Data Encrypted for Impact,Impact,Impact,18,T1105,0,6e6919ea4e0f,train
scenario_3_b_c.j2,S3,Lateral Movement,21,30,T1105,T1105,0,Ingress Tool Transfer,Command and Control,Command and Control,43,T1486,0,6e6919ea4e0f,train
scenario_3_b_c.j2,S3,Lateral Movement,22,30,T1486,T1486,0,Data Encrypted for Impact,Impact,Impact,18,T1565,0,6e6919ea4e0f,train
scenario_3_b_c.j2,S3,Lateral Movement,23,30,T1565.001,T1565,1,Data Manipulation,Impact,Impact,68,T1018,0,6e6919ea4e0f,train
scenario_3_b_c.j2,S3,Lateral Movement,24,30,T1018,T1018,0,Remote System Discovery,Discovery,Discovery,27,T1087,0,6e6919ea4e0f,train
scenario_3_b_c.j2,S3,Lateral Movement,25,30,T1087.001,T1087,1,Account Discovery,Discovery,Discovery,40,T1531,0,6e6919ea4e0f,train
scenario_3_b_c.j2,S3,Lateral Movement,26,30,T1531,T1531,0,Account Access Removal,Impact,Impact,62,T1485,0,6e6919ea4e0f,train
scenario_3_b_c.j2,S3,Lateral Movement,27,30,T1485,T1485,0,Data Destruction,Impact,Impact,57,T1490,0,6e6919ea4e0f,train
scenario_3_b_c.j2,S3,Lateral Movement,28,30,T1490,T1490,0,Inhibit System Recovery,Impact,Impact,58,T1489,0,6e6919ea4e0f,train
scenario_3_b_c.j2,S3,Lateral Movement,29,30,T1489,T1489,0,Service Stop,Impact,Impact,19,,1,6e6919ea4e0f,train
scenario_3_b_d.j2,S3,Lateral Movement,0,22,T1110.001,T1110,1,Brute Force,Credential Access,Credential Access,44,T1021,0,30b2019a4d11,train
scenario_3_b_d.j2,S3,Lateral Movement,1,22,T1021.005,T1021,1,Remote Services,Lateral Movement,Lateral Movement,12,T1021,0,30b2019a4d11,train
scenario_3_b_d.j2,S3,Lateral Movement,2,22,T1021.005,T1021,1,Remote Services,Lateral Movement,Lateral Movement,12,T1021,0,30b2019a4d11,train
scenario_3_b_d.j2,S3,Lateral Movement,3,22,T1021.005,T1021,1,Remote Services,Lateral Movement,Lateral Movement,12,T1078,0,30b2019a4d11,train
scenario_3_b_d.j2,S3,Lateral Movement,4,22,T1078.003,T1078,1,Valid Accounts,Privilege Escalation,Initial Access,37,T1078,0,30b2019a4d11,train
scenario_3_b_d.j2,S3,Lateral Movement,5,22,T1078.003,T1078,1,Valid Accounts,Privilege Escalation,Initial Access,37,T1003,0,30b2019a4d11,train
scenario_3_b_d.j2,S3,Lateral Movement,6,22,T1003.008,T1003,1,OS Credential Dumping,Credential Access,Credential Access,23,T1213,0,30b2019a4d11,train
scenario_3_b_d.j2,S3,Lateral Movement,7,22,T1213,T1213,0,Data from Information Repositories,Collection,Collection,54,T1039,0,30b2019a4d11,train
scenario_3_b_d.j2,S3,Lateral Movement,8,22,T1039,T1039,0,Data from Network Shared Drive,Collection,Collection,29,T1072,0,30b2019a4d11,train
scenario_3_b_d.j2,S3,Lateral Movement,9,22,T1072,T1072,0,Software Deployment Tools,Execution,Lateral Movement,14,T1105,0,30b2019a4d11,train
scenario_3_b_d.j2,S3,Lateral Movement,10,22,T1105,T1105,0,Ingress Tool Transfer,Lateral Movement,Command and Control,43,T1059,0,30b2019a4d11,train
scenario_3_b_d.j2,S3,Lateral Movement,11,22,T1059.004,T1059,1,Command and Scripting Interpreter,Execution,Execution,2,T1486,0,30b2019a4d11,train
scenario_3_b_d.j2,S3,Lateral Movement,12,22,T1486,T1486,0,Data Encrypted for Impact,Impact,Impact,18,T1105,0,30b2019a4d11,train
scenario_3_b_d.j2,S3,Lateral Movement,13,22,T1105,T1105,0,Ingress Tool Transfer,Command and Control,Command and Control,43,T1486,0,30b2019a4d11,train
scenario_3_b_d.j2,S3,Lateral Movement,14,22,T1486,T1486,0,Data Encrypted for Impact,Impact,Impact,18,T1565,0,30b2019a4d11,train
scenario_3_b_d.j2,S3,Lateral Movement,15,22,T1565.001,T1565,1,Data Manipulation,Impact,Impact,68,T1018,0,30b2019a4d11,train
scenario_3_b_d.j2,S3,Lateral Movement,16,22,T1018,T1018,0,Remote System Discovery,Discovery,Discovery,27,T1087,0,30b2019a4d11,train
scenario_3_b_d.j2,S3,Lateral Movement,17,22,T1087.001,T1087,1,Account Discovery,Discovery,Discovery,40,T1531,0,30b2019a4d11,train
scenario_3_b_d.j2,S3,Lateral Movement,18,22,T1531,T1531,0,Account Access Removal,Impact,Impact,62,T1485,0,30b2019a4d11,train
scenario_3_b_d.j2,S3,Lateral Movement,19,22,T1485,T1485,0,Data Destruction,Impact,Impact,57,T1490,0,30b2019a4d11,train
scenario_3_b_d.j2,S3,Lateral Movement,20,22,T1490,T1490,0,Inhibit System Recovery,Impact,Impact,58,T1489,0,30b2019a4d11,train
scenario_3_b_d.j2,S3,Lateral Movement,21,22,T1489,T1489,0,Service Stop,Impact,Impact,19,,1,30b2019a4d11,train
scenario_4.j2,S4,Network Attack,0,27,T1071.001,T1071,1,Application Layer Protocol,Command and Control,Command and Control,35,T1071,0,715ae730b1e5,train
scenario_4.j2,S4,Network Attack,1,27,T1071.001,T1071,1,Application Layer Protocol,Command and Control,Command and Control,35,T1078,0,715ae730b1e5,train
scenario_4.j2,S4,Network Attack,2,27,T1078.003,T1078,1,Valid Accounts,Initial Access,Initial Access,37,T1105,0,715ae730b1e5,train
scenario_4.j2,S4,Network Attack,3,27,T1105,T1105,0,Ingress Tool Transfer,Lateral Movement,Command and Control,43,T1205,0,715ae730b1e5,train
scenario_4.j2,S4,Network Attack,4,27,T1205.001,T1205,1,Traffic Signaling,Defense Evasion,Defense Evasion,52,T1078,0,715ae730b1e5,train
scenario_4.j2,S4,Network Attack,5,27,T1078.003,T1078,1,Valid Accounts,Initial Access,Initial Access,37,T1078,0,715ae730b1e5,train
scenario_4.j2,S4,Network Attack,6,27,T1078.003,T1078,1,Valid Accounts,Lateral Movement,Initial Access,37,T1078,0,715ae730b1e5,train
scenario_4.j2,S4,Network Attack,7,27,T1078.003,T1078,1,Valid Accounts,Lateral Movement,Initial Access,37,T1548,0,715ae730b1e5,train
scenario_4.j2,S4,Network Attack,8,27,T1548.003,T1548,1,Abuse Elevation Control Mechanism,Privilege Escalation,Privilege Escalation,64,T1548,0,715ae730b1e5,train
scenario_4.j2,S4,Network Attack,9,27,T1548.003,T1548,1,Abuse Elevation Control Mechanism,Privilege Escalation,Privilege Escalation,64,T1036,0,715ae730b1e5,train
scenario_4.j2,S4,Network Attack,10,27,T1036.005,T1036,1,Masquerading,Defense Evasion,Defense Evasion,20,T1205,0,715ae730b1e5,train
scenario_4.j2,S4,Network Attack,11,27,T1205.001,T1205,1,Traffic Signaling,Defense Evasion,Defense Evasion,52,T1070,0,715ae730b1e5,train
scenario_4.j2,S4,Network Attack,12,27,T1070.004,T1070,1,Indicator Removal,Defense Evasion,Defense Evasion,34,T1543,0,715ae730b1e5,train
scenario_4.j2,S4,Network Attack,13,27,T1543.002,T1543,1,Create or Modify System Process,Persistence,Persistence,5,T1543,0,715ae730b1e5,train
scenario_4.j2,S4,Network Attack,14,27,T1543.002,T1543,1,Create or Modify System Process,Persistence,Persistence,5,T1543,0,715ae730b1e5,train
scenario_4.j2,S4,Network Attack,15,27,T1543.002,T1543,1,Create or Modify System Process,Persistence,Persistence,5,T1543,0,715ae730b1e5,train
scenario_4.j2,S4,Network Attack,16,27,T1543.002,T1543,1,Create or Modify System Process,Persistence,Persistence,5,T1543,0,715ae730b1e5,train
scenario_4.j2,S4,Network Attack,17,27,T1543.002,T1543,1,Create or Modify System Process,Persistence,Persistence,5,T1205,0,715ae730b1e5,train
scenario_4.j2,S4,Network Attack,18,27,T1205.001,T1205,1,Traffic Signaling,Defense Evasion,Defense Evasion,52,T1071,0,715ae730b1e5,train
scenario_4.j2,S4,Network Attack,19,27,T1071.001,T1071,1,Application Layer Protocol,Persistence,Command and Control,35,T1036,0,715ae730b1e5,train
scenario_4.j2,S4,Network Attack,20,27,T1036.005,T1036,1,Masquerading,Command and Control,Defense Evasion,20,T1599,0,715ae730b1e5,train
scenario_4.j2,S4,Network Attack,21,27,T1599,T1599,0,Network Boundary Bridging,Defense Evasion,Defense Evasion,76,T1599,0,715ae730b1e5,train
scenario_4.j2,S4,Network Attack,22,27,T1599,T1599,0,Network Boundary Bridging,Defense Evasion,Defense Evasion,76,T1078,0,715ae730b1e5,train
scenario_4.j2,S4,Network Attack,23,27,T1078.003,T1078,1,Valid Accounts,Initial Access,Initial Access,37,T1078,0,715ae730b1e5,train
scenario_4.j2,S4,Network Attack,24,27,T1078.003,T1078,1,Valid Accounts,Lateral Movement,Initial Access,37,T1078,0,715ae730b1e5,train
scenario_4.j2,S4,Network Attack,25,27,T1078.003,T1078,1,Valid Accounts,Lateral Movement,Initial Access,37,T1082,0,715ae730b1e5,train
scenario_4.j2,S4,Network Attack,26,27,T1082,T1082,0,System Information Discovery,Discovery,Discovery,39,,1,715ae730b1e5,train
scenario_5.j2,S5,Network Sniffing,0,5,T1040,T1040,0,Network Sniffing,Discovery,Credential Access,30,T1557,0,afb48d9af681,train
scenario_5.j2,S5,Network Sniffing,1,5,T1557.002,T1557,1,Adversary-in-the-Middle,Credential Access,Credential Access,66,T1040,0,afb48d9af681,train
scenario_5.j2,S5,Network Sniffing,2,5,T1040,T1040,0,Network Sniffing,Credential Access,Credential Access,30,T1528,0,afb48d9af681,train
scenario_5.j2,S5,Network Sniffing,3,5,T1528,T1528,0,Steal Application Access Token,Credential Access,Credential Access,61,T1550,0,afb48d9af681,train
scenario_5.j2,S5,Network Sniffing,4,5,T1550.001,T1550,1,Use Alternate Authentication Material,Defense Evasion,Lateral Movement,13,,1,afb48d9af681,train
scenario_6_a_a.j2,S6,Attack on Client,0,19,T1105,T1105,0,Ingress Tool Transfer,Command and Control,Command and Control,43,T1204,0,9094ad518d01,validation
scenario_6_a_a.j2,S6,Attack on Client,1,19,T1204.002,T1204,1,User Execution,Execution,Execution,3,T1204,0,9094ad518d01,validation
scenario_6_a_a.j2,S6,Attack on Client,2,19,T1204.002,T1204,1,User Execution,Execution,Execution,3,T1082,0,9094ad518d01,validation
scenario_6_a_a.j2,S6,Attack on Client,3,19,T1082,T1082,0,System Information Discovery,Discovery,Discovery,39,T1105,0,9094ad518d01,validation
scenario_6_a_a.j2,S6,Attack on Client,4,19,T1105,T1105,0,Ingress Tool Transfer,Command and Control,Command and Control,43,T1105,0,9094ad518d01,validation
scenario_6_a_a.j2,S6,Attack on Client,5,19,T1105,T1105,0,Ingress Tool Transfer,Command and Control,Command and Control,43,T1574,0,9094ad518d01,validation
scenario_6_a_a.j2,S6,Attack on Client,6,19,T1574.008,T1574,1,Hijack Execution Flow,Persistence,Persistence,21,T1546,0,9094ad518d01,validation
scenario_6_a_a.j2,S6,Attack on Client,7,19,T1546,T1546,0,Event Triggered Execution,Defense Evasion,Persistence,63,T1222,0,9094ad518d01,validation
scenario_6_a_a.j2,S6,Attack on Client,8,19,T1222.002,T1222,1,File and Directory Permissions Modification,Defense Evasion,Defense Evasion,56,T1105,0,9094ad518d01,validation
scenario_6_a_a.j2,S6,Attack on Client,9,19,T1105,T1105,0,Ingress Tool Transfer,Command and Control,Command and Control,43,T1115,0,9094ad518d01,validation
scenario_6_a_a.j2,S6,Attack on Client,10,19,T1115,T1115,0,Clipboard Data,Collection,Collection,45,T1564,0,9094ad518d01,validation
scenario_6_a_a.j2,S6,Attack on Client,11,19,T1564.001,T1564,1,Hide Artifacts,Defense Evasion,Defense Evasion,67,T1222,0,9094ad518d01,validation
scenario_6_a_a.j2,S6,Attack on Client,12,19,T1222.002,T1222,1,File and Directory Permissions Modification,Defense Evasion,Defense Evasion,56,T1222,0,9094ad518d01,validation
scenario_6_a_a.j2,S6,Attack on Client,13,19,T1222.002,T1222,1,File and Directory Permissions Modification,Defense Evasion,Defense Evasion,56,T1010,0,9094ad518d01,validation
scenario_6_a_a.j2,S6,Attack on Client,14,19,T1010,T1010,0,Application Window Discovery,Discovery,Discovery,25,T1053,0,9094ad518d01,validation
scenario_6_a_a.j2,S6,Attack on Client,15,19,T1053.003,T1053,1,Scheduled Task/Job,Persistence,Persistence,4,T1053,0,9094ad518d01,validation
scenario_6_a_a.j2,S6,Attack on Client,16,19,T1053.003,T1053,1,Scheduled Task/Job,Persistence,Persistence,4,T1053,0,9094ad518d01,validation
scenario_6_a_a.j2,S6,Attack on Client,17,19,T1053.003,T1053,1,Scheduled Task/Job,Persistence,Persistence,4,T1070,0,9094ad518d01,validation
scenario_6_a_a.j2,S6,Attack on Client,18,19,T1070.003,T1070,1,Indicator Removal,Defense Evasion,Defense Evasion,34,,1,9094ad518d01,validation
scenario_6_a_b.j2,S6,Attack on Client,0,16,T1105,T1105,0,Ingress Tool Transfer,Command and Control,Command and Control,43,T1204,0,8a1dae966418,train
scenario_6_a_b.j2,S6,Attack on Client,1,16,T1204.002,T1204,1,User Execution,Execution,Execution,3,T1204,0,8a1dae966418,train
scenario_6_a_b.j2,S6,Attack on Client,2,16,T1204.002,T1204,1,User Execution,Execution,Execution,3,T1082,0,8a1dae966418,train
scenario_6_a_b.j2,S6,Attack on Client,3,16,T1082,T1082,0,System Information Discovery,Discovery,Discovery,39,T1105,0,8a1dae966418,train
scenario_6_a_b.j2,S6,Attack on Client,4,16,T1105,T1105,0,Ingress Tool Transfer,Command and Control,Command and Control,43,T1105,0,8a1dae966418,train
scenario_6_a_b.j2,S6,Attack on Client,5,16,T1105,T1105,0,Ingress Tool Transfer,Command and Control,Command and Control,43,T1115,0,8a1dae966418,train
scenario_6_a_b.j2,S6,Attack on Client,6,16,T1115,T1115,0,Clipboard Data,Collection,Collection,45,T1564,0,8a1dae966418,train
scenario_6_a_b.j2,S6,Attack on Client,7,16,T1564.001,T1564,1,Hide Artifacts,Defense Evasion,Defense Evasion,67,T1222,0,8a1dae966418,train
scenario_6_a_b.j2,S6,Attack on Client,8,16,T1222.002,T1222,1,File and Directory Permissions Modification,Defense Evasion,Defense Evasion,56,T1222,0,8a1dae966418,train
scenario_6_a_b.j2,S6,Attack on Client,9,16,T1222.002,T1222,1,File and Directory Permissions Modification,Defense Evasion,Defense Evasion,56,T1010,0,8a1dae966418,train
scenario_6_a_b.j2,S6,Attack on Client,10,16,T1010,T1010,0,Application Window Discovery,Discovery,Discovery,25,T1053,0,8a1dae966418,train
scenario_6_a_b.j2,S6,Attack on Client,11,16,T1053.003,T1053,1,Scheduled Task/Job,Persistence,Persistence,4,T1053,0,8a1dae966418,train
scenario_6_a_b.j2,S6,Attack on Client,12,16,T1053.003,T1053,1,Scheduled Task/Job,Persistence,Persistence,4,T1053,0,8a1dae966418,train
scenario_6_a_b.j2,S6,Attack on Client,13,16,T1053.003,T1053,1,Scheduled Task/Job,Persistence,Persistence,4,T1053,0,8a1dae966418,train
scenario_6_a_b.j2,S6,Attack on Client,14,16,T1053.003,T1053,1,Scheduled Task/Job,Persistence,Persistence,4,T1070,0,8a1dae966418,train
scenario_6_a_b.j2,S6,Attack on Client,15,16,T1070.003,T1070,1,Indicator Removal,Defense Evasion,Defense Evasion,34,,1,8a1dae966418,train
scenario_6_b_a.j2,S6,Attack on Client,0,61,T1204.001,T1204,1,User Execution,Initial Access,Execution,3,T1105,0,e1e57741c6bb,train
scenario_6_b_a.j2,S6,Attack on Client,1,61,T1105,T1105,0,Ingress Tool Transfer,Execution,Command and Control,43,T1566,0,e1e57741c6bb,train
scenario_6_b_a.j2,S6,Attack on Client,2,61,T1566.004,T1566,1,Phishing,Command and Control,Initial Access,1,T1204,0,e1e57741c6bb,train
scenario_6_b_a.j2,S6,Attack on Client,3,61,T1204.001,T1204,1,User Execution,Initial Access,Execution,3,T1105,0,e1e57741c6bb,train
scenario_6_b_a.j2,S6,Attack on Client,4,61,T1105,T1105,0,Ingress Tool Transfer,Execution,Command and Control,43,T1566,0,e1e57741c6bb,train
scenario_6_b_a.j2,S6,Attack on Client,5,61,T1566.004,T1566,1,Phishing,Command and Control,Initial Access,1,T1204,0,e1e57741c6bb,train
scenario_6_b_a.j2,S6,Attack on Client,6,61,T1204.001,T1204,1,User Execution,Initial Access,Execution,3,T1219,0,e1e57741c6bb,train
scenario_6_b_a.j2,S6,Attack on Client,7,61,T1219,T1219,0,Remote Access Tools,Execution,Command and Control,55,T1204,0,e1e57741c6bb,train
scenario_6_b_a.j2,S6,Attack on Client,8,61,T1204.001,T1204,1,User Execution,Initial Access,Execution,3,T1219,0,e1e57741c6bb,train
scenario_6_b_a.j2,S6,Attack on Client,9,61,T1219,T1219,0,Remote Access Tools,Execution,Command and Control,55,T1566,0,e1e57741c6bb,train
scenario_6_b_a.j2,S6,Attack on Client,10,61,T1566.004,T1566,1,Phishing,Execution,Initial Access,1,T1219,0,e1e57741c6bb,train
scenario_6_b_a.j2,S6,Attack on Client,11,61,T1219,T1219,0,Remote Access Tools,Execution,Command and Control,55,T1566,0,e1e57741c6bb,train
scenario_6_b_a.j2,S6,Attack on Client,12,61,T1566.004,T1566,1,Phishing,Execution,Initial Access,1,T1219,0,e1e57741c6bb,train
scenario_6_b_a.j2,S6,Attack on Client,13,61,T1219,T1219,0,Remote Access Tools,Execution,Command and Control,55,T1566,0,e1e57741c6bb,train
scenario_6_b_a.j2,S6,Attack on Client,14,61,T1566.004,T1566,1,Phishing,Execution,Initial Access,1,T1219,0,e1e57741c6bb,train
scenario_6_b_a.j2,S6,Attack on Client,15,61,T1219,T1219,0,Remote Access Tools,Execution,Command and Control,55,T1566,0,e1e57741c6bb,train
scenario_6_b_a.j2,S6,Attack on Client,16,61,T1566.004,T1566,1,Phishing,Execution,Initial Access,1,T1219,0,e1e57741c6bb,train
scenario_6_b_a.j2,S6,Attack on Client,17,61,T1219,T1219,0,Remote Access Tools,Execution,Command and Control,55,T1219,0,e1e57741c6bb,train
scenario_6_b_a.j2,S6,Attack on Client,18,61,T1219,T1219,0,Remote Access Tools,Command and Control,Command and Control,55,T1219,0,e1e57741c6bb,train
scenario_6_b_a.j2,S6,Attack on Client,19,61,T1219,T1219,0,Remote Access Tools,Command and Control,Command and Control,55,T1219,0,e1e57741c6bb,train
scenario_6_b_a.j2,S6,Attack on Client,20,61,T1219,T1219,0,Remote Access Tools,Command and Control,Command and Control,55,T1219,0,e1e57741c6bb,train
scenario_6_b_a.j2,S6,Attack on Client,21,61,T1219,T1219,0,Remote Access Tools,Command and Control,Command and Control,55,T1105,0,e1e57741c6bb,train
scenario_6_b_a.j2,S6,Attack on Client,22,61,T1105,T1105,0,Ingress Tool Transfer,Command and Control,Command and Control,43,T1219,0,e1e57741c6bb,train
scenario_6_b_a.j2,S6,Attack on Client,23,61,T1219,T1219,0,Remote Access Tools,Execution,Command and Control,55,T1564,0,e1e57741c6bb,train
scenario_6_b_a.j2,S6,Attack on Client,24,61,T1564.001,T1564,1,Hide Artifacts,Defense Evasion,Defense Evasion,67,T1105,0,e1e57741c6bb,train
scenario_6_b_a.j2,S6,Attack on Client,25,61,T1105,T1105,0,Ingress Tool Transfer,Command and Control,Command and Control,43,T1219,0,e1e57741c6bb,train
scenario_6_b_a.j2,S6,Attack on Client,26,61,T1219,T1219,0,Remote Access Tools,Execution,Command and Control,55,T1564,0,e1e57741c6bb,train
scenario_6_b_a.j2,S6,Attack on Client,27,61,T1564.001,T1564,1,Hide Artifacts,Defense Evasion,Defense Evasion,67,T1222,0,e1e57741c6bb,train
scenario_6_b_a.j2,S6,Attack on Client,28,61,T1222.002,T1222,1,File and Directory Permissions Modification,Defense Evasion,Defense Evasion,56,T1219,0,e1e57741c6bb,train
scenario_6_b_a.j2,S6,Attack on Client,29,61,T1219,T1219,0,Remote Access Tools,Execution,Command and Control,55,T1222,0,e1e57741c6bb,train
scenario_6_b_a.j2,S6,Attack on Client,30,61,T1222.002,T1222,1,File and Directory Permissions Modification,Defense Evasion,Defense Evasion,56,T1219,0,e1e57741c6bb,train
scenario_6_b_a.j2,S6,Attack on Client,31,61,T1219,T1219,0,Remote Access Tools,Execution,Command and Control,55,T1105,0,e1e57741c6bb,train
scenario_6_b_a.j2,S6,Attack on Client,32,61,T1105,T1105,0,Ingress Tool Transfer,Command and Control,Command and Control,43,T1219,0,e1e57741c6bb,train
scenario_6_b_a.j2,S6,Attack on Client,33,61,T1219,T1219,0,Remote Access Tools,Execution,Command and Control,55,T1105,0,e1e57741c6bb,train
scenario_6_b_a.j2,S6,Attack on Client,34,61,T1105,T1105,0,Ingress Tool Transfer,Command and Control,Command and Control,43,T1219,0,e1e57741c6bb,train
scenario_6_b_a.j2,S6,Attack on Client,35,61,T1219,T1219,0,Remote Access Tools,Execution,Command and Control,55,T1222,0,e1e57741c6bb,train
scenario_6_b_a.j2,S6,Attack on Client,36,61,T1222.002,T1222,1,File and Directory Permissions Modification,Defense Evasion,Defense Evasion,56,T1219,0,e1e57741c6bb,train
scenario_6_b_a.j2,S6,Attack on Client,37,61,T1219,T1219,0,Remote Access Tools,Execution,Command and Control,55,T1222,0,e1e57741c6bb,train
scenario_6_b_a.j2,S6,Attack on Client,38,61,T1222.002,T1222,1,File and Directory Permissions Modification,Defense Evasion,Defense Evasion,56,T1219,0,e1e57741c6bb,train
scenario_6_b_a.j2,S6,Attack on Client,39,61,T1219,T1219,0,Remote Access Tools,Execution,Command and Control,55,T1574,0,e1e57741c6bb,train
scenario_6_b_a.j2,S6,Attack on Client,40,61,T1574.008,T1574,1,Hijack Execution Flow,Persistence,Persistence,21,T1219,0,e1e57741c6bb,train
scenario_6_b_a.j2,S6,Attack on Client,41,61,T1219,T1219,0,Remote Access Tools,Defense Evasion,Command and Control,55,T1574,0,e1e57741c6bb,train
scenario_6_b_a.j2,S6,Attack on Client,42,61,T1574.008,T1574,1,Hijack Execution Flow,Persistence,Persistence,21,T1219,0,e1e57741c6bb,train
scenario_6_b_a.j2,S6,Attack on Client,43,61,T1219,T1219,0,Remote Access Tools,Defense Evasion,Command and Control,55,T1574,0,e1e57741c6bb,train
scenario_6_b_a.j2,S6,Attack on Client,44,61,T1574.008,T1574,1,Hijack Execution Flow,Persistence,Persistence,21,T1219,0,e1e57741c6bb,train
scenario_6_b_a.j2,S6,Attack on Client,45,61,T1219,T1219,0,Remote Access Tools,Defense Evasion,Command and Control,55,T1059,0,e1e57741c6bb,train
scenario_6_b_a.j2,S6,Attack on Client,46,61,T1059.004,T1059,1,Command and Scripting Interpreter,Execution,Execution,2,T1219,0,e1e57741c6bb,train
scenario_6_b_a.j2,S6,Attack on Client,47,61,T1219,T1219,0,Remote Access Tools,Execution,Command and Control,55,T1059,0,e1e57741c6bb,train
scenario_6_b_a.j2,S6,Attack on Client,48,61,T1059.004,T1059,1,Command and Scripting Interpreter,Execution,Execution,2,T1219,0,e1e57741c6bb,train
scenario_6_b_a.j2,S6,Attack on Client,49,61,T1219,T1219,0,Remote Access Tools,Execution,Command and Control,55,T1082,0,e1e57741c6bb,train
scenario_6_b_a.j2,S6,Attack on Client,50,61,T1082,T1082,0,System Information Discovery,Discovery,Discovery,39,T1105,0,e1e57741c6bb,train
scenario_6_b_a.j2,S6,Attack on Client,51,61,T1105,T1105,0,Ingress Tool Transfer,Command and Control,Command and Control,43,T1105,0,e1e57741c6bb,train
scenario_6_b_a.j2,S6,Attack on Client,52,61,T1105,T1105,0,Ingress Tool Transfer,Command and Control,Command and Control,43,T1115,0,e1e57741c6bb,train
scenario_6_b_a.j2,S6,Attack on Client,53,61,T1115,T1115,0,Clipboard Data,Collection,Collection,45,T1222,0,e1e57741c6bb,train
scenario_6_b_a.j2,S6,Attack on Client,54,61,T1222.002,T1222,1,File and Directory Permissions Modification,Defense Evasion,Defense Evasion,56,T1222,0,e1e57741c6bb,train
scenario_6_b_a.j2,S6,Attack on Client,55,61,T1222.002,T1222,1,File and Directory Permissions Modification,Defense Evasion,Defense Evasion,56,T1010,0,e1e57741c6bb,train
scenario_6_b_a.j2,S6,Attack on Client,56,61,T1010,T1010,0,Application Window Discovery,Discovery,Discovery,25,T1053,0,e1e57741c6bb,train
scenario_6_b_a.j2,S6,Attack on Client,57,61,T1053.003,T1053,1,Scheduled Task/Job,Persistence,Persistence,4,T1053,0,e1e57741c6bb,train
scenario_6_b_a.j2,S6,Attack on Client,58,61,T1053.003,T1053,1,Scheduled Task/Job,Persistence,Persistence,4,T1053,0,e1e57741c6bb,train
scenario_6_b_a.j2,S6,Attack on Client,59,61,T1053.003,T1053,1,Scheduled Task/Job,Persistence,Persistence,4,T1070,0,e1e57741c6bb,train
scenario_6_b_a.j2,S6,Attack on Client,60,61,T1070.003,T1070,1,Indicator Removal,Defense Evasion,Defense Evasion,34,,1,e1e57741c6bb,train
scenario_6_b_b.j2,S6,Attack on Client,0,48,T1204.001,T1204,1,User Execution,Initial Access,Execution,3,T1105,0,e6a35506cfa9,train
scenario_6_b_b.j2,S6,Attack on Client,1,48,T1105,T1105,0,Ingress Tool Transfer,Execution,Command and Control,43,T1566,0,e6a35506cfa9,train
scenario_6_b_b.j2,S6,Attack on Client,2,48,T1566.004,T1566,1,Phishing,Command and Control,Initial Access,1,T1204,0,e6a35506cfa9,train
scenario_6_b_b.j2,S6,Attack on Client,3,48,T1204.001,T1204,1,User Execution,Initial Access,Execution,3,T1105,0,e6a35506cfa9,train
scenario_6_b_b.j2,S6,Attack on Client,4,48,T1105,T1105,0,Ingress Tool Transfer,Execution,Command and Control,43,T1566,0,e6a35506cfa9,train
scenario_6_b_b.j2,S6,Attack on Client,5,48,T1566.004,T1566,1,Phishing,Command and Control,Initial Access,1,T1204,0,e6a35506cfa9,train
scenario_6_b_b.j2,S6,Attack on Client,6,48,T1204.001,T1204,1,User Execution,Initial Access,Execution,3,T1219,0,e6a35506cfa9,train
scenario_6_b_b.j2,S6,Attack on Client,7,48,T1219,T1219,0,Remote Access Tools,Execution,Command and Control,55,T1204,0,e6a35506cfa9,train
scenario_6_b_b.j2,S6,Attack on Client,8,48,T1204.001,T1204,1,User Execution,Initial Access,Execution,3,T1219,0,e6a35506cfa9,train
scenario_6_b_b.j2,S6,Attack on Client,9,48,T1219,T1219,0,Remote Access Tools,Execution,Command and Control,55,T1566,0,e6a35506cfa9,train
scenario_6_b_b.j2,S6,Attack on Client,10,48,T1566.004,T1566,1,Phishing,Execution,Initial Access,1,T1219,0,e6a35506cfa9,train
scenario_6_b_b.j2,S6,Attack on Client,11,48,T1219,T1219,0,Remote Access Tools,Execution,Command and Control,55,T1566,0,e6a35506cfa9,train
scenario_6_b_b.j2,S6,Attack on Client,12,48,T1566.004,T1566,1,Phishing,Execution,Initial Access,1,T1219,0,e6a35506cfa9,train
scenario_6_b_b.j2,S6,Attack on Client,13,48,T1219,T1219,0,Remote Access Tools,Execution,Command and Control,55,T1566,0,e6a35506cfa9,train
scenario_6_b_b.j2,S6,Attack on Client,14,48,T1566.004,T1566,1,Phishing,Execution,Initial Access,1,T1219,0,e6a35506cfa9,train
scenario_6_b_b.j2,S6,Attack on Client,15,48,T1219,T1219,0,Remote Access Tools,Execution,Command and Control,55,T1566,0,e6a35506cfa9,train
scenario_6_b_b.j2,S6,Attack on Client,16,48,T1566.004,T1566,1,Phishing,Execution,Initial Access,1,T1219,0,e6a35506cfa9,train
scenario_6_b_b.j2,S6,Attack on Client,17,48,T1219,T1219,0,Remote Access Tools,Execution,Command and Control,55,T1219,0,e6a35506cfa9,train
scenario_6_b_b.j2,S6,Attack on Client,18,48,T1219,T1219,0,Remote Access Tools,Command and Control,Command and Control,55,T1219,0,e6a35506cfa9,train
scenario_6_b_b.j2,S6,Attack on Client,19,48,T1219,T1219,0,Remote Access Tools,Command and Control,Command and Control,55,T1219,0,e6a35506cfa9,train
scenario_6_b_b.j2,S6,Attack on Client,20,48,T1219,T1219,0,Remote Access Tools,Command and Control,Command and Control,55,T1219,0,e6a35506cfa9,train
scenario_6_b_b.j2,S6,Attack on Client,21,48,T1219,T1219,0,Remote Access Tools,Command and Control,Command and Control,55,T1105,0,e6a35506cfa9,train
scenario_6_b_b.j2,S6,Attack on Client,22,48,T1105,T1105,0,Ingress Tool Transfer,Command and Control,Command and Control,43,T1219,0,e6a35506cfa9,train
scenario_6_b_b.j2,S6,Attack on Client,23,48,T1219,T1219,0,Remote Access Tools,Execution,Command and Control,55,T1564,0,e6a35506cfa9,train
scenario_6_b_b.j2,S6,Attack on Client,24,48,T1564.001,T1564,1,Hide Artifacts,Defense Evasion,Defense Evasion,67,T1105,0,e6a35506cfa9,train
scenario_6_b_b.j2,S6,Attack on Client,25,48,T1105,T1105,0,Ingress Tool Transfer,Command and Control,Command and Control,43,T1219,0,e6a35506cfa9,train
scenario_6_b_b.j2,S6,Attack on Client,26,48,T1219,T1219,0,Remote Access Tools,Execution,Command and Control,55,T1564,0,e6a35506cfa9,train
scenario_6_b_b.j2,S6,Attack on Client,27,48,T1564.001,T1564,1,Hide Artifacts,Defense Evasion,Defense Evasion,67,T1222,0,e6a35506cfa9,train
scenario_6_b_b.j2,S6,Attack on Client,28,48,T1222.002,T1222,1,File and Directory Permissions Modification,Defense Evasion,Defense Evasion,56,T1219,0,e6a35506cfa9,train
scenario_6_b_b.j2,S6,Attack on Client,29,48,T1219,T1219,0,Remote Access Tools,Execution,Command and Control,55,T1222,0,e6a35506cfa9,train
scenario_6_b_b.j2,S6,Attack on Client,30,48,T1222.002,T1222,1,File and Directory Permissions Modification,Defense Evasion,Defense Evasion,56,T1219,0,e6a35506cfa9,train
scenario_6_b_b.j2,S6,Attack on Client,31,48,T1219,T1219,0,Remote Access Tools,Execution,Command and Control,55,T1219,0,e6a35506cfa9,train
scenario_6_b_b.j2,S6,Attack on Client,32,48,T1219,T1219,0,Remote Access Tools,Command and Control,Command and Control,55,T1059,0,e6a35506cfa9,train
scenario_6_b_b.j2,S6,Attack on Client,33,48,T1059.004,T1059,1,Command and Scripting Interpreter,Execution,Execution,2,T1219,0,e6a35506cfa9,train
scenario_6_b_b.j2,S6,Attack on Client,34,48,T1219,T1219,0,Remote Access Tools,Command and Control,Command and Control,55,T1059,0,e6a35506cfa9,train
scenario_6_b_b.j2,S6,Attack on Client,35,48,T1059.004,T1059,1,Command and Scripting Interpreter,Execution,Execution,2,T1082,0,e6a35506cfa9,train
scenario_6_b_b.j2,S6,Attack on Client,36,48,T1082,T1082,0,System Information Discovery,Discovery,Discovery,39,T1105,0,e6a35506cfa9,train
scenario_6_b_b.j2,S6,Attack on Client,37,48,T1105,T1105,0,Ingress Tool Transfer,Command and Control,Command and Control,43,T1105,0,e6a35506cfa9,train
scenario_6_b_b.j2,S6,Attack on Client,38,48,T1105,T1105,0,Ingress Tool Transfer,Command and Control,Command and Control,43,T1115,0,e6a35506cfa9,train
scenario_6_b_b.j2,S6,Attack on Client,39,48,T1115,T1115,0,Clipboard Data,Collection,Collection,45,T1222,0,e6a35506cfa9,train
scenario_6_b_b.j2,S6,Attack on Client,40,48,T1222.002,T1222,1,File and Directory Permissions Modification,Defense Evasion,Defense Evasion,56,T1222,0,e6a35506cfa9,train
scenario_6_b_b.j2,S6,Attack on Client,41,48,T1222.002,T1222,1,File and Directory Permissions Modification,Defense Evasion,Defense Evasion,56,T1010,0,e6a35506cfa9,train
scenario_6_b_b.j2,S6,Attack on Client,42,48,T1010,T1010,0,Application Window Discovery,Discovery,Discovery,25,T1053,0,e6a35506cfa9,train
scenario_6_b_b.j2,S6,Attack on Client,43,48,T1053.003,T1053,1,Scheduled Task/Job,Persistence,Persistence,4,T1053,0,e6a35506cfa9,train
scenario_6_b_b.j2,S6,Attack on Client,44,48,T1053.003,T1053,1,Scheduled Task/Job,Persistence,Persistence,4,T1053,0,e6a35506cfa9,train
scenario_6_b_b.j2,S6,Attack on Client,45,48,T1053.003,T1053,1,Scheduled Task/Job,Persistence,Persistence,4,T1053,0,e6a35506cfa9,train
scenario_6_b_b.j2,S6,Attack on Client,46,48,T1053.003,T1053,1,Scheduled Task/Job,Persistence,Persistence,4,T1070,0,e6a35506cfa9,train
scenario_6_b_b.j2,S6,Attack on Client,47,48,T1070.003,T1070,1,Indicator Removal,Defense Evasion,Defense Evasion,34,,1,e6a35506cfa9,train
scenario_6_c.j2,S6,Attack on Client,0,45,T1176,T1176,0,Software Extensions,Persistence,Persistence,50,T1056,0,497137828a7e,test
scenario_6_c.j2,S6,Attack on Client,1,45,T1056.001,T1056,1,Input Capture,Persistence,Collection,32,T1056,0,497137828a7e,test
scenario_6_c.j2,S6,Attack on Client,2,45,T1056.004,T1056,1,Input Capture,Persistence,Collection,32,T1115,0,497137828a7e,test
scenario_6_c.j2,S6,Attack on Client,3,45,T1115,T1115,0,Clipboard Data,Persistence,Collection,45,T1176,0,497137828a7e,test
scenario_6_c.j2,S6,Attack on Client,4,45,T1176,T1176,0,Software Extensions,Persistence,Persistence,50,T1056,0,497137828a7e,test
scenario_6_c.j2,S6,Attack on Client,5,45,T1056.001,T1056,1,Input Capture,Persistence,Collection,32,T1056,0,497137828a7e,test
scenario_6_c.j2,S6,Attack on Client,6,45,T1056.004,T1056,1,Input Capture,Persistence,Collection,32,T1115,0,497137828a7e,test
scenario_6_c.j2,S6,Attack on Client,7,45,T1115,T1115,0,Clipboard Data,Persistence,Collection,45,T1176,0,497137828a7e,test
scenario_6_c.j2,S6,Attack on Client,8,45,T1176,T1176,0,Software Extensions,Persistence,Persistence,50,T1056,0,497137828a7e,test
scenario_6_c.j2,S6,Attack on Client,9,45,T1056.001,T1056,1,Input Capture,Persistence,Collection,32,T1056,0,497137828a7e,test
scenario_6_c.j2,S6,Attack on Client,10,45,T1056.004,T1056,1,Input Capture,Persistence,Collection,32,T1115,0,497137828a7e,test
scenario_6_c.j2,S6,Attack on Client,11,45,T1115,T1115,0,Clipboard Data,Persistence,Collection,45,T1176,0,497137828a7e,test
scenario_6_c.j2,S6,Attack on Client,12,45,T1176,T1176,0,Software Extensions,Persistence,Persistence,50,T1056,0,497137828a7e,test
scenario_6_c.j2,S6,Attack on Client,13,45,T1056.001,T1056,1,Input Capture,Persistence,Collection,32,T1056,0,497137828a7e,test
scenario_6_c.j2,S6,Attack on Client,14,45,T1056.004,T1056,1,Input Capture,Persistence,Collection,32,T1115,0,497137828a7e,test
scenario_6_c.j2,S6,Attack on Client,15,45,T1115,T1115,0,Clipboard Data,Persistence,Collection,45,T1176,0,497137828a7e,test
scenario_6_c.j2,S6,Attack on Client,16,45,T1176,T1176,0,Software Extensions,Persistence,Persistence,50,T1056,0,497137828a7e,test
scenario_6_c.j2,S6,Attack on Client,17,45,T1056.001,T1056,1,Input Capture,Persistence,Collection,32,T1056,0,497137828a7e,test
scenario_6_c.j2,S6,Attack on Client,18,45,T1056.004,T1056,1,Input Capture,Persistence,Collection,32,T1115,0,497137828a7e,test
scenario_6_c.j2,S6,Attack on Client,19,45,T1115,T1115,0,Clipboard Data,Persistence,Collection,45,T1176,0,497137828a7e,test
scenario_6_c.j2,S6,Attack on Client,20,45,T1176,T1176,0,Software Extensions,Persistence,Persistence,50,T1056,0,497137828a7e,test
scenario_6_c.j2,S6,Attack on Client,21,45,T1056.001,T1056,1,Input Capture,Persistence,Collection,32,T1056,0,497137828a7e,test
scenario_6_c.j2,S6,Attack on Client,22,45,T1056.004,T1056,1,Input Capture,Persistence,Collection,32,T1115,0,497137828a7e,test
scenario_6_c.j2,S6,Attack on Client,23,45,T1115,T1115,0,Clipboard Data,Persistence,Collection,45,T1176,0,497137828a7e,test
scenario_6_c.j2,S6,Attack on Client,24,45,T1176,T1176,0,Software Extensions,Persistence,Persistence,50,T1056,0,497137828a7e,test
scenario_6_c.j2,S6,Attack on Client,25,45,T1056.001,T1056,1,Input Capture,Persistence,Collection,32,T1056,0,497137828a7e,test
scenario_6_c.j2,S6,Attack on Client,26,45,T1056.004,T1056,1,Input Capture,Persistence,Collection,32,T1115,0,497137828a7e,test
scenario_6_c.j2,S6,Attack on Client,27,45,T1115,T1115,0,Clipboard Data,Persistence,Collection,45,T1176,0,497137828a7e,test
scenario_6_c.j2,S6,Attack on Client,28,45,T1176,T1176,0,Software Extensions,Persistence,Persistence,50,T1056,0,497137828a7e,test
scenario_6_c.j2,S6,Attack on Client,29,45,T1056.001,T1056,1,Input Capture,Persistence,Collection,32,T1056,0,497137828a7e,test
scenario_6_c.j2,S6,Attack on Client,30,45,T1056.004,T1056,1,Input Capture,Persistence,Collection,32,T1115,0,497137828a7e,test
scenario_6_c.j2,S6,Attack on Client,31,45,T1115,T1115,0,Clipboard Data,Persistence,Collection,45,T1176,0,497137828a7e,test
scenario_6_c.j2,S6,Attack on Client,32,45,T1176,T1176,0,Software Extensions,Persistence,Persistence,50,T1056,0,497137828a7e,test
scenario_6_c.j2,S6,Attack on Client,33,45,T1056.001,T1056,1,Input Capture,Persistence,Collection,32,T1056,0,497137828a7e,test
scenario_6_c.j2,S6,Attack on Client,34,45,T1056.004,T1056,1,Input Capture,Persistence,Collection,32,T1115,0,497137828a7e,test
scenario_6_c.j2,S6,Attack on Client,35,45,T1115,T1115,0,Clipboard Data,Persistence,Collection,45,T1056,0,497137828a7e,test
scenario_6_c.j2,S6,Attack on Client,36,45,T1056.001,T1056,1,Input Capture,Collection,Collection,32,T1056,0,497137828a7e,test
scenario_6_c.j2,S6,Attack on Client,37,45,T1056.001,T1056,1,Input Capture,Collection,Collection,32,T1056,0,497137828a7e,test
scenario_6_c.j2,S6,Attack on Client,38,45,T1056.004,T1056,1,Input Capture,Collection,Collection,32,T1056,0,497137828a7e,test
scenario_6_c.j2,S6,Attack on Client,39,45,T1056.001,T1056,1,Input Capture,Credential Access,Collection,32,T1056,0,497137828a7e,test
scenario_6_c.j2,S6,Attack on Client,40,45,T1056.004,T1056,1,Input Capture,Collection,Collection,32,T1056,0,497137828a7e,test
scenario_6_c.j2,S6,Attack on Client,41,45,T1056.001,T1056,1,Input Capture,Credential Access,Collection,32,T1056,0,497137828a7e,test
scenario_6_c.j2,S6,Attack on Client,42,45,T1056.004,T1056,1,Input Capture,Collection,Collection,32,T1115,0,497137828a7e,test
scenario_6_c.j2,S6,Attack on Client,43,45,T1115,T1115,0,Clipboard Data,Collection,Collection,45,T1115,0,497137828a7e,test
scenario_6_c.j2,S6,Attack on Client,44,45,T1115,T1115,0,Clipboard Data,Collection,Collection,45,,1,497137828a7e,test
scenario_7.j2,S7,Docker Attack,0,23,T1590.002,T1590,1,Gather Victim Network Information,Reconnaissance,Reconnaissance,72,T1591,0,ffec46928fa3,train
scenario_7.j2,S7,Docker Attack,1,23,T1591,T1591,0,Gather Victim Org Information,Reconnaissance,Reconnaissance,73,T1589,0,ffec46928fa3,train
scenario_7.j2,S7,Docker Attack,2,23,T1589.002,T1589,1,Gather Victim Identity Information,Reconnaissance,Reconnaissance,71,T1078,0,ffec46928fa3,train
scenario_7.j2,S7,Docker Attack,3,23,T1078.002,T1078,1,Valid Accounts,Initial Access,Initial Access,37,T1110,0,ffec46928fa3,train
scenario_7.j2,S7,Docker Attack,4,23,T1110.001,T1110,1,Brute Force,Initial Access,Credential Access,44,T1133,0,ffec46928fa3,train
scenario_7.j2,S7,Docker Attack,5,23,T1133,T1133,0,External Remote Services,Initial Access,Initial Access,48,T1592,0,ffec46928fa3,train
scenario_7.j2,S7,Docker Attack,6,23,T1592.002,T1592,1,Gather Victim Host Information,Reconnaissance,Reconnaissance,74,T1071,0,ffec46928fa3,train
scenario_7.j2,S7,Docker Attack,7,23,T1071.001,T1071,1,Application Layer Protocol,Command and Control,Command and Control,35,T1573,0,ffec46928fa3,train
scenario_7.j2,S7,Docker Attack,8,23,T1573.001,T1573,1,Encrypted Channel,Command and Control,Command and Control,70,T1190,0,ffec46928fa3,train
scenario_7.j2,S7,Docker Attack,9,23,T1190,T1190,0,Exploit Public-Facing Application,Initial Access,Initial Access,0,T1059,0,ffec46928fa3,train
scenario_7.j2,S7,Docker Attack,10,23,T1059.004,T1059,1,Command and Scripting Interpreter,Execution,Execution,2,T1095,0,ffec46928fa3,train
scenario_7.j2,S7,Docker Attack,11,23,T1095,T1095,0,Non-Application Layer Protocol,Command and Control,Command and Control,41,T1033,0,ffec46928fa3,train
scenario_7.j2,S7,Docker Attack,12,23,T1033,T1033,0,System Owner/User Discovery,Discovery,Discovery,28,T1057,0,ffec46928fa3,train
scenario_7.j2,S7,Docker Attack,13,23,T1057,T1057,0,Process Discovery,Discovery,Discovery,33,T1016,0,ffec46928fa3,train
scenario_7.j2,S7,Docker Attack,14,23,T1016,T1016,0,System Network Configuration Discovery,Discovery,Discovery,10,T1610,0,ffec46928fa3,train
scenario_7.j2,S7,Docker Attack,15,23,T1610,T1610,0,Deploy Container,Defense Evasion,Execution,77,T1525,0,ffec46928fa3,train
scenario_7.j2,S7,Docker Attack,16,23,T1525,T1525,0,Implant Internal Image,Execution,Persistence,60,T1053,0,ffec46928fa3,train
scenario_7.j2,S7,Docker Attack,17,23,T1053.003,T1053,1,Scheduled Task/Job,Persistence,Persistence,4,T1210,0,ffec46928fa3,train
scenario_7.j2,S7,Docker Attack,18,23,T1210,T1210,0,Exploitation of Remote Services,Privilege Escalation,Lateral Movement,53,T1083,0,ffec46928fa3,train
scenario_7.j2,S7,Docker Attack,19,23,T1083,T1083,0,File and Directory Discovery,Discovery,Discovery,11,T1057,0,ffec46928fa3,train
scenario_7.j2,S7,Docker Attack,20,23,T1057,T1057,0,Process Discovery,Discovery,Discovery,33,T1003,0,ffec46928fa3,train
scenario_7.j2,S7,Docker Attack,21,23,T1003.008,T1003,1,OS Credential Dumping,Credential Access,Credential Access,23,T1041,0,ffec46928fa3,train
scenario_7.j2,S7,Docker Attack,22,23,T1041,T1041,0,Exfiltration Over C2 Channel,Collection,Exfiltration,17,,1,ffec46928fa3,train
